filename,img_source,row,col,x,y,w,h,area,digit_label
img1_r000_c000.png,1,0,0,0,4,39,13,165,2
img1_r000_c001.png,1,0,1,487,9,54,20,246,5
img1_r000_c002.png,1,0,2,729,13,32,13,204,0
img1_r000_c003.png,1,0,3,899,8,38,13,213,2
img1_r000_c004.png,1,0,4,1155,9,69,18,333,2
img1_r000_c005.png,1,0,5,1828,20,32,16,170,7
img1_r001_c000.png,1,1,0,359,77,38,13,187,0
img1_r001_c001.png,1,1,1,1065,89,37,14,181,3
img1_r001_c002.png,1,1,2,1104,82,45,18,315,7
img1_r001_c003.png,1,1,3,1146,82,116,25,609,2
img1_r001_c004.png,1,1,4,1186,54,27,14,195,7
img1_r001_c005.png,1,1,5,1316,72,31,11,180,7
img1_r001_c006.png,1,1,6,1553,67,112,24,830,2
img1_r001_c007.png,1,1,7,1664,78,111,22,699,2
img1_r001_c008.png,1,1,8,2054,62,37,24,166,8
img1_r001_c009.png,1,1,9,2069,42,523,77,5230,7
img1_r002_c000.png,1,2,0,0,160,30,10,180,2
img1_r002_c001.png,1,2,1,2541,120,74,85,494,7
img1_r002_c002.png,1,2,2,2581,103,325,54,2236,2
img1_r002_c003.png,1,2,3,2594,138,47,16,199,2
img1_r003_c000.png,1,3,0,433,217,28,37,699,0
img1_r003_c001.png,1,3,1,518,211,11,33,161,1
img1_r003_c002.png,1,3,2,669,209,24,39,275,3
img1_r003_c003.png,1,3,3,731,212,35,39,386,4
img1_r003_c004.png,1,3,4,822,212,27,33,388,5
img1_r003_c005.png,1,3,5,900,206,21,44,447,6
img1_r003_c006.png,1,3,6,980,202,22,43,262,7
img1_r003_c007.png,1,3,7,1040,202,22,47,585,8
img1_r003_c008.png,1,3,8,1098,203,33,52,440,9
img1_r003_c009.png,1,3,9,1379,211,25,25,420,0
img1_r003_c010.png,1,3,10,1608,214,26,34,270,2
img1_r003_c011.png,1,3,11,1672,218,29,32,266,3
img1_r003_c012.png,1,3,12,1745,204,34,43,387,4
img1_r003_c013.png,1,3,13,1822,197,25,41,303,5
img1_r003_c014.png,1,3,14,1900,195,21,46,518,6
img1_r003_c015.png,1,3,15,1973,197,26,39,268,7
img1_r003_c016.png,1,3,16,2033,183,24,53,585,8
img1_r003_c017.png,1,3,17,2096,175,24,56,451,9
img1_r003_c018.png,1,3,18,2611,201,125,73,757,0
img1_r003_c019.png,1,3,19,2629,187,180,26,882,2
img1_r004_c000.png,1,4,0,1902,273,26,50,534,6
img1_r004_c001.png,1,4,1,2037,270,21,52,700,8
img1_r004_c002.png,1,4,2,2085,260,30,55,437,9
img1_r004_c003.png,1,4,3,2739,252,176,27,871,2
img1_r005_c000.png,1,5,0,93,284,52,20,288,2
img1_r005_c001.png,1,5,1,441,277,29,32,331,0
img1_r005_c002.png,1,5,2,515,284,13,31,161,1
img1_r005_c003.png,1,5,3,620,283,28,33,251,2
img1_r005_c004.png,1,5,4,669,283,23,35,254,3
img1_r005_c005.png,1,5,5,735,281,34,45,391,4
img1_r005_c006.png,1,5,6,815,291,25,35,395,5
img1_r005_c007.png,1,5,7,892,281,24,38,481,6
img1_r005_c008.png,1,5,8,991,284,24,47,285,7
img1_r005_c009.png,1,5,9,1059,286,19,47,468,8
img1_r005_c010.png,1,5,10,1096,276,32,56,456,9
img1_r005_c011.png,1,5,11,1370,285,34,38,406,0
img1_r005_c012.png,1,5,12,1671,297,25,38,275,3
img1_r005_c013.png,1,5,13,1746,284,36,38,400,4
img1_r005_c014.png,1,5,14,1823,287,24,35,258,5
img1_r005_c015.png,1,5,15,1975,287,21,33,212,7
img1_r005_c016.png,1,5,16,2665,276,115,63,721,2
img1_r005_c017.png,1,5,17,2810,322,105,21,486,2
img1_r006_c000.png,1,6,0,434,362,22,24,369,0
img1_r006_c001.png,1,6,1,675,358,20,35,240,3
img1_r006_c002.png,1,6,2,723,353,33,47,409,4
img1_r006_c003.png,1,6,3,812,361,39,40,395,5
img1_r006_c004.png,1,6,4,882,353,29,46,395,6
img1_r006_c005.png,1,6,5,979,367,32,44,321,7
img1_r006_c006.png,1,6,6,1059,367,22,48,610,8
img1_r006_c007.png,1,6,7,1104,364,23,49,451,9
img1_r006_c008.png,1,6,8,1369,371,24,34,574,0
img1_r006_c009.png,1,6,9,1677,368,18,34,227,3
img1_r006_c010.png,1,6,10,1761,362,33,49,395,4
img1_r006_c011.png,1,6,11,1833,374,26,33,354,5
img1_r006_c012.png,1,6,12,1891,364,20,44,408,6
img1_r006_c013.png,1,6,13,1954,362,30,44,302,7
img1_r006_c014.png,1,6,14,2030,353,25,47,696,8
img1_r006_c015.png,1,6,15,2089,349,25,47,496,9
img1_r006_c016.png,1,6,16,2716,339,204,73,1156,2
img1_r007_c000.png,1,7,0,2771,407,165,181,1170,7
img1_r008_c000.png,1,8,0,424,439,27,27,447,8
img1_r008_c001.png,1,8,1,667,433,21,37,276,3
img1_r008_c002.png,1,8,2,714,432,25,41,352,4
img1_r008_c003.png,1,8,3,794,440,28,36,285,5
img1_r008_c004.png,1,8,4,886,428,25,52,592,6
img1_r008_c005.png,1,8,5,985,439,26,52,364,7
img1_r008_c006.png,1,8,6,1058,441,23,51,542,8
img1_r008_c007.png,1,8,7,1098,438,29,51,453,9
img1_r008_c008.png,1,8,8,1378,445,22,32,517,0
img1_r008_c009.png,1,8,9,1669,452,17,31,239,1
img1_r008_c010.png,1,8,10,1748,438,36,52,462,4
img1_r008_c011.png,1,8,11,1827,451,21,34,249,5
img1_r008_c012.png,1,8,12,1885,442,27,44,572,6
img1_r008_c013.png,1,8,13,1943,439,32,41,317,7
img1_r008_c014.png,1,8,14,2022,426,28,53,509,8
img1_r008_c015.png,1,8,15,2086,418,28,50,397,9
img1_r009_c000.png,1,9,0,163,505,35,12,150,5
img1_r009_c001.png,1,9,1,483,516,13,30,164,1
img1_r009_c002.png,1,9,2,651,517,22,33,282,3
img1_r009_c003.png,1,9,3,697,511,34,44,437,4
img1_r009_c004.png,1,9,4,792,513,38,42,436,5
img1_r009_c005.png,1,9,5,883,516,17,46,376,6
img1_r009_c006.png,1,9,6,974,530,23,44,314,7
img1_r009_c007.png,1,9,7,1051,520,24,53,680,8
img1_r009_c008.png,1,9,8,1091,517,28,52,503,9
img1_r009_c009.png,1,9,9,1381,522,21,25,365,0
img1_r009_c010.png,1,9,10,1671,513,20,39,293,3
img1_r009_c011.png,1,9,11,1754,510,35,40,410,4
img1_r009_c012.png,1,9,12,1826,513,27,43,417,5
img1_r009_c013.png,1,9,13,1890,513,24,45,530,6
img1_r009_c014.png,1,9,14,1958,516,23,36,258,7
img1_r009_c015.png,1,9,15,2017,501,24,49,759,8
img1_r009_c016.png,1,9,16,2072,487,26,55,407,4
img1_r010_c000.png,1,10,0,198,553,34,71,367,1
img1_r010_c001.png,1,10,1,400,593,26,26,481,0
img1_r010_c002.png,1,10,2,479,592,15,36,191,1
img1_r010_c003.png,1,10,3,600,586,20,30,216,2
img1_r010_c004.png,1,10,4,643,583,22,33,264,3
img1_r010_c005.png,1,10,5,691,573,34,43,443,4
img1_r010_c006.png,1,10,6,792,588,25,36,436,5
img1_r010_c007.png,1,10,7,877,583,19,47,435,6
img1_r010_c008.png,1,10,8,969,599,18,40,286,1
img1_r010_c009.png,1,10,9,1056,592,25,46,690,8
img1_r010_c010.png,1,10,10,1093,590,28,53,506,9
img1_r010_c011.png,1,10,11,1383,590,22,26,408,0
img1_r010_c012.png,1,10,12,1473,588,14,36,209,1
img1_r010_c013.png,1,10,13,1572,598,30,27,275,2
img1_r010_c014.png,1,10,14,1652,582,25,41,349,3
img1_r010_c015.png,1,10,15,1749,589,32,40,403,4
img1_r010_c016.png,1,10,16,1830,585,25,41,315,5
img1_r010_c017.png,1,10,17,1888,582,20,45,487,6
img1_r010_c018.png,1,10,18,1958,583,22,38,293,7
img1_r010_c019.png,1,10,19,2020,575,23,51,798,8
img1_r010_c020.png,1,10,20,2067,567,29,54,487,9
img1_r010_c021.png,1,10,21,2906,584,16,20,161,7
img1_r011_c000.png,1,11,0,165,638,56,48,422,0
img1_r011_c001.png,1,11,1,405,664,18,30,393,0
img1_r011_c002.png,1,11,2,486,652,15,45,247,1
img1_r011_c003.png,1,11,3,595,666,32,28,294,2
img1_r011_c004.png,1,11,4,662,657,22,39,310,3
img1_r011_c005.png,1,11,5,700,651,31,45,439,4
img1_r011_c006.png,1,11,6,788,670,27,37,384,5
img1_r011_c007.png,1,11,7,889,654,25,52,646,6
img1_r011_c008.png,1,11,8,985,669,32,52,486,7
img1_r011_c009.png,1,11,9,1068,668,24,51,799,8
img1_r011_c010.png,1,11,10,1101,667,22,49,432,9
img1_r011_c011.png,1,11,11,1377,654,23,28,466,0
img1_r011_c012.png,1,11,12,1467,650,13,37,211,1
img1_r011_c013.png,1,11,13,1577,653,29,32,306,2
img1_r011_c014.png,1,11,14,1656,654,23,35,316,3
img1_r011_c015.png,1,11,15,1750,647,36,48,482,4
img1_r011_c016.png,1,11,16,1826,662,24,34,310,5
img1_r011_c017.png,1,11,17,1884,651,21,43,415,6
img1_r011_c018.png,1,11,18,1951,652,26,40,323,7
img1_r011_c019.png,1,11,19,2014,641,25,52,828,8
img1_r011_c020.png,1,11,20,2070,635,26,53,582,9
img1_r012_c000.png,1,12,0,138,721,74,36,517,0
img1_r012_c001.png,1,12,1,384,746,34,29,683,0
img1_r012_c002.png,1,12,2,586,745,30,40,305,2
img1_r012_c003.png,1,12,3,655,741,23,45,353,3
img1_r012_c004.png,1,12,4,699,739,34,50,544,4
img1_r012_c005.png,1,12,5,1058,743,27,50,833,8
img1_r012_c006.png,1,12,6,1106,738,23,52,572,9
img1_r012_c007.png,1,12,7,1380,731,22,30,487,0
img1_r012_c008.png,1,12,8,1466,728,13,38,234,1
img1_r012_c009.png,1,12,9,1657,729,20,32,277,3
img1_r012_c010.png,1,12,10,1753,731,34,41,441,4
img1_r012_c011.png,1,12,11,1827,733,29,35,348,5
img1_r012_c012.png,1,12,12,1888,719,24,49,623,6
img1_r012_c013.png,1,12,13,1951,725,28,38,329,7
img1_r012_c014.png,1,12,14,2014,718,22,51,647,8
img1_r012_c015.png,1,12,15,2065,708,28,51,621,9
img1_r013_c000.png,1,13,0,113,759,94,100,1125,0
img1_r013_c001.png,1,13,1,783,747,38,49,524,5
img1_r013_c002.png,1,13,2,881,748,27,49,659,6
img1_r013_c003.png,1,13,3,983,754,31,42,390,7
img1_r013_c004.png,1,13,4,2093,775,24,51,511,9
img1_r014_c000.png,1,14,0,124,796,54,22,299,2
img1_r014_c001.png,1,14,1,375,819,28,31,342,0
img1_r014_c002.png,1,14,2,482,815,14,35,206,1
img1_r014_c003.png,1,14,3,576,822,34,39,352,2
img1_r014_c004.png,1,14,4,672,813,33,51,618,3
img1_r014_c005.png,1,14,5,715,818,31,51,488,4
img1_r014_c006.png,1,14,6,890,822,17,46,381,6
img1_r014_c007.png,1,14,7,989,821,26,37,302,7
img1_r014_c008.png,1,14,8,1054,810,28,55,896,8
img1_r014_c009.png,1,14,9,1098,805,30,64,565,9
img1_r014_c010.png,1,14,10,1391,815,20,19,286,0
img1_r014_c011.png,1,14,11,1467,802,14,35,202,1
img1_r014_c012.png,1,14,12,1578,813,31,30,276,2
img1_r014_c013.png,1,14,13,1652,805,22,42,345,3
img1_r014_c014.png,1,14,14,1752,798,37,50,571,4
img1_r014_c015.png,1,14,15,1840,792,30,44,427,5
img1_r014_c016.png,1,14,16,1901,792,21,47,527,6
img1_r014_c017.png,1,14,17,1963,801,31,45,391,7
img1_r014_c018.png,1,14,18,2031,791,22,42,546,8
img1_r015_c000.png,1,15,0,798,831,31,47,522,5
img1_r016_c000.png,1,16,0,0,860,194,77,1517,0
img1_r016_c001.png,1,16,1,566,910,32,34,348,2
img1_r016_c002.png,1,16,2,662,906,21,41,319,3
img1_r016_c003.png,1,16,3,709,905,33,50,488,4
img1_r016_c004.png,1,16,4,893,904,23,52,603,6
img1_r016_c005.png,1,16,5,986,904,31,48,397,7
img1_r016_c006.png,1,16,6,1055,895,28,52,831,8
img1_r016_c007.png,1,16,7,1109,889,30,53,530,9
img1_r016_c008.png,1,16,8,1371,889,24,31,332,2
img1_r016_c009.png,1,16,9,1585,876,30,35,311,2
img1_r016_c010.png,1,16,10,1657,885,24,38,357,3
img1_r016_c011.png,1,16,11,1751,879,35,44,530,4
img1_r016_c012.png,1,16,12,1866,878,32,45,475,5
img1_r016_c013.png,1,16,13,1912,875,23,46,540,6
img1_r016_c014.png,1,16,14,1977,877,29,48,369,7
img1_r016_c015.png,1,16,15,2040,871,21,50,693,8
img1_r016_c016.png,1,16,16,2099,861,28,47,447,9
img1_r017_c000.png,1,17,0,98,915,44,18,217,7
img1_r017_c001.png,1,17,1,133,939,51,44,497,0
img1_r017_c002.png,1,17,2,370,914,29,29,603,0
img1_r017_c003.png,1,17,3,796,913,38,47,566,5
img1_r017_c004.png,1,17,4,2978,915,33,22,229,0
img1_r018_c000.png,1,18,0,668,984,16,42,309,3
img1_r018_c001.png,1,18,1,882,983,25,44,537,6
img1_r018_c002.png,1,18,2,1111,970,29,57,755,9
img1_r018_c003.png,1,18,3,1582,973,32,40,362,2
img1_r018_c004.png,1,18,4,1673,981,28,41,441,3
img1_r018_c005.png,1,18,5,1767,970,38,55,638,4
img1_r018_c006.png,1,18,6,1871,974,34,43,575,5
img1_r018_c007.png,1,18,7,1926,964,23,56,668,6
img1_r018_c008.png,1,18,8,1989,965,34,48,450,7
img1_r018_c009.png,1,18,9,2060,954,22,50,726,8
img1_r018_c010.png,1,18,10,2098,950,32,59,580,9
img1_r018_c011.png,1,18,11,2986,957,42,25,225,0
img1_r019_c000.png,1,19,0,0,984,177,86,1371,0
img1_r019_c001.png,1,19,1,369,1001,23,23,337,0
img1_r019_c002.png,1,19,2,456,993,13,36,227,1
img1_r019_c003.png,1,19,3,571,995,30,35,333,2
img1_r019_c004.png,1,19,4,706,985,41,46,489,4
img1_r019_c005.png,1,19,5,792,989,39,39,505,5
img1_r019_c006.png,1,19,6,1000,987,24,46,354,7
img1_r019_c007.png,1,19,7,1068,985,24,48,595,8
img1_r019_c008.png,1,19,8,1391,985,27,42,848,0
img1_r020_c000.png,1,20,0,68,1068,96,73,797,0
img1_r020_c001.png,1,20,1,368,1076,30,42,920,0
img1_r020_c002.png,1,20,2,541,1082,34,32,324,2
img1_r020_c003.png,1,20,3,654,1074,21,39,336,3
img1_r020_c004.png,1,20,4,721,1063,38,59,626,4
img1_r020_c005.png,1,20,5,808,1070,29,45,408,5
img1_r020_c006.png,1,20,6,898,1066,29,58,885,6
img1_r020_c007.png,1,20,7,986,1071,25,41,350,7
img1_r020_c008.png,1,20,8,1063,1054,30,59,995,8
img1_r020_c009.png,1,20,9,1115,1055,38,68,720,9
img1_r020_c010.png,1,20,10,1400,1072,25,41,762,8
img1_r020_c011.png,1,20,11,1477,1076,13,35,191,1
img1_r020_c012.png,1,20,12,1584,1076,32,36,377,2
img1_r020_c013.png,1,20,13,1679,1076,19,38,311,3
img1_r020_c014.png,1,20,14,1777,1083,40,45,544,4
img1_r020_c015.png,1,20,15,1876,1077,34,44,550,5
img1_r020_c016.png,1,20,16,1936,1065,24,57,666,6
img1_r020_c017.png,1,20,17,1999,1070,32,52,470,7
img1_r020_c018.png,1,20,18,2069,1058,24,58,867,8
img1_r020_c019.png,1,20,19,2108,1057,28,62,581,9
img1_r021_c000.png,1,21,0,0,1144,152,49,1047,0
img1_r021_c001.png,1,21,1,44,1196,103,37,668,0
img1_r021_c002.png,1,21,2,379,1173,25,26,465,0
img1_r021_c003.png,1,21,3,466,1171,10,30,187,1
img1_r021_c004.png,1,21,4,549,1175,30,32,339,2
img1_r021_c005.png,1,21,5,653,1168,21,45,377,3
img1_r021_c006.png,1,21,6,724,1165,39,45,623,8
img1_r021_c007.png,1,21,7,807,1173,35,45,695,5
img1_r021_c008.png,1,21,8,899,1166,25,52,665,6
img1_r021_c009.png,1,21,9,999,1174,28,45,367,7
img1_r021_c010.png,1,21,10,1075,1167,23,49,672,8
img1_r021_c011.png,1,21,11,1117,1155,29,62,525,9
img1_r021_c012.png,1,21,12,1400,1176,22,25,383,0
img1_r021_c013.png,1,21,13,1455,1130,71,142,1128,1
img1_r021_c014.png,1,21,14,1566,1179,38,35,380,2
img1_r021_c015.png,1,21,15,1662,1176,26,46,404,3
img1_r021_c016.png,1,21,16,1767,1173,44,50,599,4
img1_r021_c017.png,1,21,17,1871,1171,40,40,577,5
img1_r021_c018.png,1,21,18,1934,1158,27,54,655,6
img1_r021_c019.png,1,21,19,1988,1166,38,47,487,7
img1_r021_c020.png,1,21,20,2069,1156,31,54,962,8
img1_r021_c021.png,1,21,21,2114,1149,29,59,596,4
img1_r022_c000.png,1,22,0,123,1235,21,54,400,1
img1_r022_c001.png,1,22,1,364,1259,24,33,508,0
img1_r022_c002.png,1,22,2,529,1274,28,31,298,2
img1_r022_c003.png,1,22,3,637,1273,21,39,312,3
img1_r022_c004.png,1,22,4,730,1261,31,50,561,9
img1_r022_c005.png,1,22,5,819,1265,38,44,521,5
img1_r022_c006.png,1,22,6,912,1253,26,53,611,6
img1_r022_c007.png,1,22,7,1011,1255,25,40,321,7
img1_r022_c008.png,1,22,8,1082,1249,26,52,874,8
img1_r022_c009.png,1,22,9,1133,1242,25,52,564,9
img1_r022_c010.png,1,22,10,1408,1275,22,23,282,0
img1_r022_c011.png,1,22,11,1865,1278,44,42,620,5
img1_r022_c012.png,1,22,12,1936,1264,19,56,509,6
img1_r022_c013.png,1,22,13,2000,1266,29,52,451,7
img1_r022_c014.png,1,22,14,2077,1255,29,51,819,8
img1_r022_c015.png,1,22,15,2130,1249,31,59,665,9
img1_r023_c000.png,1,23,0,105,1290,35,59,509,1
img1_r023_c001.png,1,23,1,1571,1282,36,27,287,2
img1_r023_c002.png,1,23,2,1663,1282,23,39,333,3
img1_r023_c003.png,1,23,3,1758,1282,43,48,593,4
img1_r024_c000.png,1,24,0,0,1338,134,80,1296,0
img1_r024_c001.png,1,24,1,367,1366,19,20,261,0
img1_r024_c002.png,1,24,2,467,1349,16,46,283,1
img1_r024_c003.png,1,24,3,540,1359,27,32,304,2
img1_r024_c004.png,1,24,4,616,1376,43,39,462,3
img1_r024_c005.png,1,24,5,731,1365,35,45,549,4
img1_r024_c006.png,1,24,6,833,1366,23,40,322,5
img1_r024_c007.png,1,24,7,931,1349,18,51,534,6
img1_r024_c008.png,1,24,8,1025,1339,33,42,390,7
img1_r024_c009.png,1,24,9,1099,1334,26,58,770,8
img1_r024_c010.png,1,24,10,1141,1334,23,55,460,7
img1_r024_c011.png,1,24,11,1175,1339,14,29,152,1
img1_r024_c012.png,1,24,12,1405,1361,27,34,700,0
img1_r024_c013.png,1,24,13,1566,1362,40,35,351,2
img1_r024_c014.png,1,24,14,1663,1374,27,42,369,3
img1_r024_c015.png,1,24,15,1758,1366,39,54,529,4
img1_r024_c016.png,1,24,16,1862,1376,36,42,481,5
img1_r024_c017.png,1,24,17,1928,1363,22,53,586,6
img1_r024_c018.png,1,24,18,1995,1353,28,48,364,7
img1_r024_c019.png,1,24,19,2070,1359,31,49,767,8
img1_r024_c020.png,1,24,20,2127,1355,31,54,523,9
img1_r025_c000.png,1,25,0,0,1416,36,12,171,7
img1_r025_c001.png,1,25,1,0,1428,125,43,776,0
img1_r026_c000.png,1,26,0,730,1466,31,62,551,4
img1_r026_c001.png,1,26,1,848,1466,29,55,442,5
img1_r026_c002.png,1,26,2,927,1454,30,68,829,6
img1_r026_c003.png,1,26,3,1037,1455,28,51,424,7
img1_r026_c004.png,1,26,4,1101,1451,30,59,940,8
img1_r026_c005.png,1,26,5,1150,1453,25,64,623,9
img1_r026_c006.png,1,26,6,1407,1454,21,30,441,0
img1_r026_c007.png,1,26,7,1557,1458,30,33,299,2
img1_r026_c008.png,1,26,8,1665,1458,21,41,333,3
img1_r026_c009.png,1,26,9,1759,1452,36,44,443,4
img1_r026_c010.png,1,26,10,1867,1452,41,42,539,5
img1_r026_c011.png,1,26,11,1930,1439,21,50,386,6
img1_r026_c012.png,1,26,12,2009,1439,28,51,374,7
img1_r026_c013.png,1,26,13,2083,1436,25,51,750,8
img1_r026_c014.png,1,26,14,2132,1434,31,60,603,9
img1_r027_c000.png,1,27,0,347,1479,27,38,753,0
img1_r027_c001.png,1,27,1,639,1479,30,48,442,3
img1_r027_c002.png,1,27,2,2140,1508,31,61,562,9
img1_r027_c003.png,1,27,3,2298,1488,48,25,181,9
img1_r028_c000.png,1,28,0,878,1528,35,29,218,7
img1_r028_c001.png,1,28,1,1404,1532,21,27,435,0
img1_r028_c002.png,1,28,2,1543,1528,39,42,378,2
img1_r028_c003.png,1,28,3,1649,1544,25,48,421,3
img1_r028_c004.png,1,28,4,1756,1544,38,41,463,4
img1_r028_c005.png,1,28,5,1874,1533,44,42,694,5
img1_r028_c006.png,1,28,6,1934,1519,22,55,593,6
img1_r028_c007.png,1,28,7,2025,1523,30,47,383,7
img1_r028_c008.png,1,28,8,2088,1523,28,47,742,8
img1_r029_c000.png,1,29,0,348,1610,31,40,935,0
img1_r029_c001.png,1,29,1,433,1607,13,35,198,1
img1_r029_c002.png,1,29,2,520,1604,40,47,454,2
img1_r029_c003.png,1,29,3,638,1608,26,48,429,3
img1_r029_c004.png,1,29,4,723,1598,41,63,697,4
img1_r029_c005.png,1,29,5,839,1586,53,55,1030,5
img1_r029_c006.png,1,29,6,923,1572,30,62,904,6
img1_r029_c007.png,1,29,7,1043,1583,29,55,391,7
img1_r029_c008.png,1,29,8,1104,1580,26,58,917,8
img1_r029_c009.png,1,29,9,1146,1582,29,47,441,9
img1_r029_c010.png,1,29,10,1405,1615,29,28,600,0
img1_r029_c011.png,1,29,11,1471,1620,14,36,201,1
img1_r029_c012.png,1,29,12,1759,1617,42,45,541,4
img1_r029_c013.png,1,29,13,1868,1616,28,41,317,5
img1_r029_c014.png,1,29,14,1943,1611,18,42,425,6
img1_r029_c015.png,1,29,15,2029,1607,30,38,310,7
img1_r029_c016.png,1,29,16,2102,1593,27,50,704,8
img1_r029_c017.png,1,29,17,2163,1592,28,48,439,9
img1_r030_c000.png,1,30,0,1552,1621,29,45,324,2
img1_r030_c001.png,1,30,1,1656,1626,22,41,325,3
img1_r031_c000.png,1,31,0,343,1720,26,31,579,0
img1_r031_c001.png,1,31,1,528,1717,37,36,341,2
img1_r031_c002.png,1,31,2,647,1710,26,54,502,3
img1_r031_c003.png,1,31,3,712,1703,39,63,673,4
img1_r031_c004.png,1,31,4,828,1718,40,49,762,5
img1_r031_c005.png,1,31,5,915,1699,25,59,640,6
img1_r031_c006.png,1,31,6,1051,1703,26,49,382,7
img1_r031_c007.png,1,31,7,1110,1695,26,60,835,8
img1_r031_c008.png,1,31,8,1149,1694,29,59,607,9
img1_r031_c009.png,1,31,9,1386,1729,32,34,417,0
img1_r031_c010.png,1,31,10,1553,1714,34,39,340,2
img1_r031_c011.png,1,31,11,1653,1710,24,46,354,8
img1_r031_c012.png,1,31,12,1752,1705,42,53,622,4
img1_r031_c013.png,1,31,13,1862,1704,30,46,406,5
img1_r031_c014.png,1,31,14,1951,1683,19,58,565,6
img1_r031_c015.png,1,31,15,2030,1689,30,53,392,7
img1_r031_c016.png,1,31,16,2109,1683,27,61,817,8
img1_r031_c017.png,1,31,17,2165,1685,22,53,403,9
img1_r032_c000.png,1,32,0,921,1813,21,58,663,6
img1_r032_c001.png,1,32,1,1100,1814,26,58,892,8
img1_r032_c002.png,1,32,2,1394,1814,25,30,526,0
img1_r032_c003.png,1,32,3,1461,1814,13,34,179,1
img1_r032_c004.png,1,32,4,1550,1814,33,40,331,2
img1_r032_c005.png,1,32,5,1657,1814,22,41,410,3
img1_r032_c006.png,1,32,6,1755,1811,31,47,488,4
img1_r032_c007.png,1,32,7,1863,1800,39,50,512,5
img1_r032_c008.png,1,32,8,1939,1792,29,47,613,6
img1_r032_c009.png,1,32,9,2040,1801,34,40,326,7
img1_r032_c010.png,1,32,10,2110,1784,32,54,687,8
img1_r032_c011.png,1,32,11,2169,1783,29,46,447,9
img1_r033_c000.png,1,33,0,329,1840,32,25,512,0
img1_r033_c001.png,1,33,1,400,1846,12,32,172,1
img1_r033_c002.png,1,33,2,519,1840,37,36,340,2
img1_r033_c003.png,1,33,3,633,1835,27,50,447,3
img1_r033_c004.png,1,33,4,723,1825,35,54,567,4
img1_r033_c005.png,1,33,5,839,1822,31,50,655,5
img1_r033_c006.png,1,33,6,1042,1818,31,50,437,7
img1_r033_c007.png,1,33,7,1134,1816,31,61,538,9
img1_r034_c000.png,1,34,0,1398,1921,28,26,324,0
img1_r034_c001.png,1,34,1,1550,1917,31,35,315,2
img1_r034_c002.png,1,34,2,1658,1909,20,46,351,3
img1_r034_c003.png,1,34,3,1742,1906,41,45,531,4
img1_r034_c004.png,1,34,4,1861,1907,35,44,536,5
img1_r034_c005.png,1,34,5,1926,1903,23,39,403,6
img1_r034_c006.png,1,34,6,2052,1896,25,34,269,7
img1_r034_c007.png,1,34,7,2116,1884,28,46,694,8
img1_r034_c008.png,1,34,8,2177,1875,25,49,430,9
img1_r035_c000.png,1,35,0,502,1959,35,41,387,2
img1_r035_c001.png,1,35,1,643,1945,22,48,389,3
img1_r035_c002.png,1,35,2,733,1941,37,44,593,4
img1_r035_c003.png,1,35,3,846,1930,30,57,525,5
img1_r035_c004.png,1,35,4,915,1933,25,53,715,6
img1_r035_c005.png,1,35,5,1030,1934,31,49,435,7
img1_r035_c006.png,1,35,6,1098,1926,34,57,1070,8
img1_r035_c007.png,1,35,7,1143,1923,28,66,598,9
img1_r036_c000.png,1,36,0,324,1966,22,27,384,0
img1_r036_c001.png,1,36,1,1401,2003,26,35,691,0
img1_r036_c002.png,1,36,2,1555,2003,32,40,327,2
img1_r036_c003.png,1,36,3,1658,1999,21,42,318,3
img1_r036_c004.png,1,36,4,1753,1995,34,46,456,4
img1_r036_c005.png,1,36,5,1861,1995,26,41,338,5
img1_r036_c006.png,1,36,6,1933,1987,20,40,422,6
img1_r036_c007.png,1,36,7,2042,1986,34,42,358,7
img1_r036_c008.png,1,36,8,2122,1966,29,59,707,8
img1_r036_c009.png,1,36,9,2180,1972,31,57,585,9
img1_r037_c000.png,1,37,0,730,2063,44,59,669,4
img1_r037_c001.png,1,37,1,851,2053,39,59,544,5
img1_r037_c002.png,1,37,2,920,2050,24,63,698,6
img1_r037_c003.png,1,37,3,1031,2052,42,51,501,7
img1_r037_c004.png,1,37,4,1100,2049,28,52,849,8
img1_r037_c005.png,1,37,5,1140,2044,37,62,632,4
img1_r037_c006.png,1,37,6,2181,2063,30,66,600,9
img1_r038_c000.png,1,38,0,2876,2066,68,137,616,4
img1_r039_c000.png,1,39,0,295,2091,33,31,682,0
img1_r039_c001.png,1,39,1,376,2095,14,40,226,1
img1_r039_c002.png,1,39,2,504,2080,35,46,391,2
img1_r039_c003.png,1,39,3,636,2066,31,52,446,3
img1_r039_c004.png,1,39,4,1399,2099,25,31,541,0
img1_r039_c005.png,1,39,5,1461,2098,11,30,165,1
img1_r039_c006.png,1,39,6,1552,2090,32,34,312,2
img1_r039_c007.png,1,39,7,1650,2092,24,48,394,3
img1_r039_c008.png,1,39,8,1742,2092,41,48,539,4
img1_r039_c009.png,1,39,9,1862,2091,26,47,387,5
img1_r039_c010.png,1,39,10,1927,2084,27,46,642,6
img1_r039_c011.png,1,39,11,2042,2076,38,51,450,7
img1_r039_c012.png,1,39,12,2124,2067,22,60,579,8
img1_r039_c013.png,1,39,13,2901,2092,43,63,301,8
img1_r040_c000.png,1,40,0,2871,2102,40,92,444,6
img1_r041_c000.png,1,41,0,292,2188,33,44,952,8
img1_r041_c001.png,1,41,1,384,2195,13,36,212,1
img1_r041_c002.png,1,41,2,505,2189,41,40,434,2
img1_r041_c003.png,1,41,3,624,2187,24,46,435,3
img1_r041_c004.png,1,41,4,725,2183,37,50,672,4
img1_r041_c005.png,1,41,5,844,2154,31,68,546,5
img1_r041_c006.png,1,41,6,924,2166,25,56,589,6
img1_r041_c007.png,1,41,7,1039,2171,30,54,448,7
img1_r041_c008.png,1,41,8,1102,2157,36,74,1348,8
img1_r041_c009.png,1,41,9,1152,2163,31,58,583,9
img1_r041_c010.png,1,41,10,1395,2184,25,29,508,8
img1_r041_c011.png,1,41,11,1533,2185,31,38,368,2
img1_r041_c012.png,1,41,12,1634,2193,40,49,581,3
img1_r041_c013.png,1,41,13,1768,2188,39,52,597,4
img1_r041_c014.png,1,41,14,1858,2189,45,55,1023,5
img1_r041_c015.png,1,41,15,1930,2181,30,51,574,6
img1_r041_c016.png,1,41,16,2057,2181,40,55,471,7
img1_r041_c017.png,1,41,17,2122,2175,26,60,797,8
img1_r041_c018.png,1,41,18,2187,2167,30,74,641,9
img1_r042_c000.png,1,42,0,790,2250,29,15,164,2
img1_r042_c001.png,1,42,1,1105,2263,24,62,936,8
img1_r042_c002.png,1,42,2,1152,2265,26,57,524,9
img1_r043_c000.png,1,43,0,295,2317,26,35,668,0
img1_r043_c001.png,1,43,1,499,2309,35,47,459,2
img1_r043_c002.png,1,43,2,630,2302,23,45,387,3
img1_r043_c003.png,1,43,3,732,2295,40,56,794,4
img1_r043_c004.png,1,43,4,842,2296,32,52,474,5
img1_r043_c005.png,1,43,5,861,2289,33,11,161,5
img1_r043_c006.png,1,43,6,923,2276,31,58,850,6
img1_r043_c007.png,1,43,7,1035,2274,26,56,438,7
img1_r043_c008.png,1,43,8,1388,2295,30,35,699,8
img1_r043_c009.png,1,43,9,1527,2298,40,43,440,2
img1_r043_c010.png,1,43,10,1665,2283,25,50,416,5
img1_r043_c011.png,1,43,11,1776,2294,46,50,605,4
img1_r043_c012.png,1,43,12,1892,2290,51,55,662,5
img1_r043_c013.png,1,43,13,1959,2276,29,62,794,6
img1_r043_c014.png,1,43,14,2082,2290,38,47,439,7
img1_r043_c015.png,1,43,15,2150,2278,29,66,746,8
img1_r043_c016.png,1,43,16,2201,2281,35,71,717,9
img1_r044_c000.png,1,44,0,294,2445,27,31,579,0
img1_r044_c001.png,1,44,1,501,2431,35,47,441,2
img1_r044_c002.png,1,44,2,639,2437,23,51,434,3
img1_r044_c003.png,1,44,3,732,2432,38,56,688,4
img1_r044_c004.png,1,44,4,818,2437,45,58,668,5
img1_r044_c005.png,1,44,5,932,2426,33,61,909,6
img1_r044_c006.png,1,44,6,1041,2402,30,64,462,7
img1_r044_c007.png,1,44,7,1094,2401,32,66,1206,8
img1_r044_c008.png,1,44,8,1146,2398,33,75,673,9
img1_r045_c000.png,1,45,0,546,2471,39,31,212,2
img1_r046_c000.png,1,46,0,277,2564,28,34,402,0
img1_r046_c001.png,1,46,1,500,2551,39,43,404,2
img1_r046_c002.png,1,46,2,627,2559,34,62,597,3
img1_r046_c003.png,1,46,3,708,2554,49,58,731,4
img1_r046_c004.png,1,46,4,787,2562,41,62,726,5
img1_r046_c005.png,1,46,5,925,2541,24,54,461,6
img1_r046_c006.png,1,46,6,1026,2539,29,51,402,7
img1_r046_c007.png,1,46,7,1090,2538,36,56,974,8
img1_r046_c008.png,1,46,8,1145,2531,32,65,612,4
img1_r047_c000.png,1,47,0,249,2716,33,32,452,0
img1_r047_c001.png,1,47,1,487,2695,33,45,407,2
img1_r047_c002.png,1,47,2,643,2684,23,65,554,3
img1_r047_c003.png,1,47,3,710,2679,45,67,742,4
img1_r047_c004.png,1,47,4,785,2677,50,70,686,5
img1_r047_c005.png,1,47,5,924,2666,25,61,505,1
img1_r047_c006.png,1,47,6,1019,2668,28,53,420,7
img1_r047_c007.png,1,47,7,1085,2665,30,65,1153,8
img1_r047_c008.png,1,47,8,1129,2667,31,76,700,9
img2_r000_c000.png,2,0,0,929,24,61,27,290,7
img2_r000_c001.png,2,0,1,2974,29,41,20,155,7
img2_r001_c000.png,2,1,0,2020,166,34,54,487,4
img2_r001_c001.png,2,1,1,2096,155,40,59,593,5
img2_r001_c002.png,2,1,2,2160,151,26,56,610,6
img2_r001_c003.png,2,1,3,2254,151,23,52,344,7
img2_r001_c004.png,2,1,4,2320,132,33,62,1091,8
img2_r001_c005.png,2,1,5,2421,129,42,73,1058,9
img2_r002_c000.png,2,2,0,1665,205,30,46,906,0
img2_r002_c001.png,2,2,1,1839,200,24,40,331,2
img2_r002_c002.png,2,2,2,1920,186,32,42,408,3
img2_r002_c003.png,2,2,3,2930,197,142,78,1339,0
img2_r003_c000.png,2,3,0,38,224,30,13,173,5
img2_r003_c001.png,2,3,1,400,243,37,36,878,0
img2_r003_c002.png,2,3,2,593,241,33,39,345,2
img2_r003_c003.png,2,3,3,709,230,26,46,402,3
img2_r003_c004.png,2,3,4,812,227,44,51,528,4
img2_r003_c005.png,2,3,5,968,220,39,45,532,5
img2_r003_c006.png,2,3,6,1065,211,30,68,909,6
img2_r003_c007.png,2,3,7,1175,228,23,59,422,7
img2_r003_c008.png,2,3,8,1264,218,30,67,1254,8
img2_r003_c009.png,2,3,9,1369,221,28,70,789,9
img2_r003_c010.png,2,3,10,2326,232,36,65,1172,8
img2_r003_c011.png,2,3,11,2418,230,37,66,623,9
img2_r004_c000.png,2,4,0,1947,271,25,55,415,3
img2_r004_c001.png,2,4,1,2038,271,32,52,492,4
img2_r004_c002.png,2,4,2,2092,264,42,53,589,5
img2_r004_c003.png,2,4,3,2178,253,26,69,910,6
img2_r004_c004.png,2,4,4,2250,257,36,50,402,7
img2_r005_c000.png,2,5,0,946,323,45,65,709,5
img2_r005_c001.png,2,5,1,1653,312,30,49,991,0
img2_r005_c002.png,2,5,2,1856,294,28,42,323,2
img2_r005_c003.png,2,5,3,2441,321,42,73,738,9
img2_r005_c004.png,2,5,4,2994,275,78,102,681,1
img2_r006_c000.png,2,6,0,402,343,32,35,738,0
img2_r006_c001.png,2,6,1,582,345,38,36,373,2
img2_r006_c002.png,2,6,2,704,336,28,48,388,3
img2_r006_c003.png,2,6,3,802,330,43,53,547,4
img2_r006_c004.png,2,6,4,1062,330,24,68,683,6
img2_r006_c005.png,2,6,5,1159,336,40,68,558,7
img2_r006_c006.png,2,6,6,1263,340,27,66,834,8
img2_r006_c007.png,2,6,7,1340,331,29,67,773,9
img2_r006_c008.png,2,6,8,2046,362,32,70,645,4
img2_r006_c009.png,2,6,9,2198,345,27,74,879,6
img2_r006_c010.png,2,6,10,2275,348,34,66,486,7
img2_r006_c011.png,2,6,11,2363,330,33,73,1340,8
img2_r007_c000.png,2,7,0,90,365,120,351,3269,1
img2_r008_c000.png,2,8,0,1850,406,41,35,441,2
img2_r008_c001.png,2,8,1,1944,389,34,52,484,3
img2_r008_c002.png,2,8,2,2103,366,48,61,651,5
img2_r009_c000.png,2,9,0,372,466,34,40,495,0
img2_r009_c001.png,2,9,1,570,454,28,37,327,2
img2_r009_c002.png,2,9,2,704,440,34,48,447,5
img2_r009_c003.png,2,9,3,802,427,36,67,598,4
img2_r009_c004.png,2,9,4,938,436,50,52,571,5
img2_r009_c005.png,2,9,5,1046,433,26,64,821,6
img2_r009_c006.png,2,9,6,1159,441,45,62,596,7
img2_r009_c007.png,2,9,7,1258,434,33,65,1122,8
img2_r009_c008.png,2,9,8,1302,433,33,69,696,9
img2_r009_c009.png,2,9,9,1645,429,31,43,442,3
img2_r009_c010.png,2,9,10,2450,457,26,64,670,9
img2_r010_c000.png,2,10,0,2094,510,34,52,536,5
img2_r010_c001.png,2,10,1,2208,495,23,60,735,6
img2_r010_c002.png,2,10,2,2280,495,39,54,461,7
img2_r010_c003.png,2,10,3,2370,474,24,63,866,8
img2_r011_c000.png,2,11,0,75,552,60,22,290,8
img2_r011_c001.png,2,11,1,375,549,28,35,690,0
img2_r011_c002.png,2,11,2,567,544,29,34,311,2
img2_r011_c003.png,2,11,3,703,537,27,44,469,8
img2_r011_c004.png,2,11,4,794,527,36,57,572,4
img2_r011_c005.png,2,11,5,942,539,41,57,606,5
img2_r011_c006.png,2,11,6,1047,533,28,63,891,6
img2_r011_c007.png,2,11,7,1137,539,41,67,623,7
img2_r011_c008.png,2,11,8,1235,526,33,70,1379,8
img2_r011_c009.png,2,11,9,1292,523,32,71,941,9
img2_r011_c010.png,2,11,10,1656,548,23,35,578,0
img2_r011_c011.png,2,11,11,1871,537,37,41,379,2
img2_r011_c012.png,2,11,12,1964,527,20,47,352,3
img2_r011_c013.png,2,11,13,2039,519,31,52,520,4
img2_r012_c000.png,2,12,0,556,626,32,31,296,2
img2_r012_c001.png,2,12,1,701,617,26,51,557,8
img2_r012_c002.png,2,12,2,781,607,42,71,634,4
img2_r012_c003.png,2,12,3,1267,623,33,77,918,9
img2_r012_c004.png,2,12,4,2212,626,28,62,912,6
img2_r012_c005.png,2,12,5,2279,620,45,69,593,7
img2_r012_c006.png,2,12,6,2362,614,25,65,1000,8
img2_r012_c007.png,2,12,7,2434,587,30,77,677,9
img2_r013_c000.png,2,13,0,60,665,70,21,350,5
img2_r013_c001.png,2,13,1,370,634,28,30,568,0
img2_r013_c002.png,2,13,2,944,633,52,54,701,5
img2_r013_c003.png,2,13,3,1034,633,27,61,781,6
img2_r013_c004.png,2,13,4,1150,644,33,66,522,7
img2_r013_c005.png,2,13,5,1208,637,30,69,1365,8
img2_r013_c006.png,2,13,6,1641,668,25,43,758,0
img2_r013_c007.png,2,13,7,1869,670,47,43,424,2
img2_r013_c008.png,2,13,8,1967,659,25,46,369,3
img2_r013_c009.png,2,13,9,2046,641,33,56,595,4
img2_r013_c010.png,2,13,10,2097,641,37,52,532,5
img2_r014_c000.png,2,14,0,140,715,36,70,543,1
img2_r014_c001.png,2,14,1,364,720,31,31,682,0
img2_r014_c002.png,2,14,2,438,719,13,36,207,1
img2_r014_c003.png,2,14,3,563,718,31,41,365,2
img2_r014_c004.png,2,14,4,700,723,25,51,413,5
img2_r014_c005.png,2,14,5,786,719,33,50,535,4
img2_r014_c006.png,2,14,6,961,734,33,63,724,5
img2_r014_c007.png,2,14,7,977,744,33,11,162,5
img2_r014_c008.png,2,14,8,1037,731,26,54,623,6
img2_r014_c009.png,2,14,9,1135,744,33,43,372,7
img2_r014_c010.png,2,14,10,1213,730,24,59,917,8
img2_r014_c011.png,2,14,11,1259,729,27,59,493,9
img2_r014_c012.png,2,14,12,2386,734,25,68,919,8
img2_r014_c013.png,2,14,13,2457,713,34,70,881,9
img2_r015_c000.png,2,15,0,13,755,121,19,563,2
img2_r015_c001.png,2,15,1,2066,771,32,64,596,4
img2_r015_c002.png,2,15,2,2140,764,54,54,549,5
img2_r015_c003.png,2,15,3,2213,751,31,72,945,6
img2_r015_c004.png,2,15,4,2296,764,41,57,499,7
img2_r016_c000.png,2,16,0,37,841,61,20,289,2
img2_r016_c001.png,2,16,1,96,786,74,108,1381,1
img2_r016_c002.png,2,16,2,366,817,23,31,309,2
img2_r016_c003.png,2,16,3,419,810,15,34,211,1
img2_r016_c004.png,2,16,4,553,800,33,46,423,2
img2_r016_c005.png,2,16,5,693,809,24,51,441,3
img2_r016_c006.png,2,16,6,801,799,37,56,663,4
img2_r016_c007.png,2,16,7,958,830,30,45,518,5
img2_r016_c008.png,2,16,8,1030,819,26,58,691,6
img2_r016_c009.png,2,16,9,1132,822,31,55,453,7
img2_r016_c010.png,2,16,10,1199,819,24,55,864,8
img2_r016_c011.png,2,16,11,1256,812,29,68,642,9
img2_r016_c012.png,2,16,12,1631,813,24,42,641,8
img2_r016_c013.png,2,16,13,1747,802,18,52,294,1
img2_r016_c014.png,2,16,14,1871,798,34,39,374,2
img2_r016_c015.png,2,16,15,1983,788,28,45,491,3
img2_r016_c016.png,2,16,16,2470,840,39,70,717,9
img2_r017_c000.png,2,17,0,2243,873,26,75,843,6
img2_r017_c001.png,2,17,1,2310,883,29,68,509,7
img2_r017_c002.png,2,17,2,2402,853,31,68,901,8
img2_r018_c000.png,2,18,0,46,896,114,108,1105,0
img2_r018_c001.png,2,18,1,330,919,27,41,786,0
img2_r018_c002.png,2,18,2,544,906,36,38,407,2
img2_r018_c003.png,2,18,3,706,901,27,56,473,5
img2_r018_c004.png,2,18,4,816,905,45,64,793,4
img2_r018_c005.png,2,18,5,951,922,44,59,726,5
img2_r018_c006.png,2,18,6,1040,917,27,60,780,6
img2_r018_c007.png,2,18,7,1134,915,33,62,515,7
img2_r018_c008.png,2,18,8,1212,906,32,70,1416,8
img2_r018_c009.png,2,18,9,1282,900,35,68,1257,9
img2_r018_c010.png,2,18,10,1732,936,28,74,1108,1
img2_r018_c011.png,2,18,11,1977,926,37,58,652,3
img2_r018_c012.png,2,18,12,2084,911,39,74,837,4
img2_r018_c013.png,2,18,13,2176,907,42,58,576,5
img2_r019_c000.png,2,19,0,0,984,39,13,166,5
img2_r019_c001.png,2,19,1,1308,994,34,69,766,9
img2_r019_c002.png,2,19,2,1640,967,26,46,863,0
img2_r019_c003.png,2,19,3,1864,951,45,42,466,2
img2_r019_c004.png,2,19,4,2256,977,34,78,772,6
img2_r019_c005.png,2,19,5,2323,981,40,62,510,7
img2_r019_c006.png,2,19,6,2418,971,26,66,1023,8
img2_r019_c007.png,2,19,7,2484,950,45,84,911,9
img2_r020_c000.png,2,20,0,110,1038,33,45,329,0
img2_r020_c001.png,2,20,1,119,1000,28,35,335,0
img2_r020_c002.png,2,20,2,320,1020,33,28,618,0
img2_r020_c003.png,2,20,3,550,1002,33,43,469,2
img2_r020_c004.png,2,20,4,707,1008,28,58,600,3
img2_r020_c005.png,2,20,5,824,1000,32,72,810,4
img2_r020_c006.png,2,20,6,955,1017,47,55,811,5
img2_r020_c007.png,2,20,7,1046,1019,24,59,708,6
img2_r020_c008.png,2,20,8,1141,1017,44,63,628,7
img2_r020_c009.png,2,20,9,1230,1006,28,65,907,8
img2_r020_c010.png,2,20,10,1997,1035,25,45,400,3
img2_r020_c011.png,2,20,11,2071,1018,42,65,716,4
img2_r020_c012.png,2,20,12,2172,1016,42,55,653,5
img2_r021_c000.png,2,21,0,109,1084,29,17,176,0
img2_r021_c001.png,2,21,1,1650,1090,25,41,706,0
img2_r021_c002.png,2,21,2,1866,1065,42,40,457,2
img2_r022_c000.png,2,22,0,1315,1093,34,69,1027,9
img2_r022_c001.png,2,22,1,2495,1094,43,92,894,9
img2_r023_c000.png,2,23,0,0,1095,136,146,2009,1
img2_r023_c001.png,2,23,1,1049,1104,27,59,779,6
img2_r023_c002.png,2,23,2,1238,1102,26,72,1302,8
img2_r024_c000.png,2,24,0,328,1126,26,24,428,0
img2_r024_c001.png,2,24,1,554,1108,32,46,505,2
img2_r024_c002.png,2,24,2,704,1105,27,52,529,3
img2_r024_c003.png,2,24,3,826,1105,36,49,658,4
img2_r024_c004.png,2,24,4,952,1120,37,47,702,5
img2_r024_c005.png,2,24,5,1153,1110,37,59,602,7
img2_r024_c006.png,2,24,6,2266,1119,31,67,744,6
img2_r024_c007.png,2,24,7,2356,1122,34,59,512,7
img2_r024_c008.png,2,24,8,2442,1110,33,70,1284,8
img2_r025_c000.png,2,25,0,1852,1182,44,50,518,2
img2_r025_c001.png,2,25,1,1983,1165,30,51,494,3
img2_r025_c002.png,2,25,2,2050,1155,48,64,777,4
img2_r025_c003.png,2,25,3,2170,1145,35,60,594,5
img2_r026_c000.png,2,26,0,326,1216,29,38,811,0
img2_r026_c001.png,2,26,1,548,1225,34,43,470,2
img2_r026_c002.png,2,26,2,709,1223,31,49,542,3
img2_r026_c003.png,2,26,3,836,1215,41,47,674,4
img2_r026_c004.png,2,26,4,942,1210,42,59,710,5
img2_r026_c005.png,2,26,5,1061,1202,23,58,699,6
img2_r026_c006.png,2,26,6,1159,1216,33,56,523,7
img2_r026_c007.png,2,26,7,1246,1201,32,61,1181,8
img2_r026_c008.png,2,26,8,1320,1187,40,76,1259,9
img2_r026_c009.png,2,26,9,1659,1201,25,40,683,0
img2_r027_c000.png,2,27,0,85,1258,32,11,165,0
img2_r027_c001.png,2,27,1,892,1265,32,15,170,2
img2_r027_c002.png,2,27,2,2257,1259,30,87,1158,6
img2_r027_c003.png,2,27,3,2462,1260,29,66,982,8
img2_r027_c004.png,2,27,4,2504,1245,41,73,868,9
img2_r028_c000.png,2,28,0,71,1271,45,97,925,1
img2_r028_c001.png,2,28,1,1659,1335,29,39,461,0
img2_r028_c002.png,2,28,2,1856,1316,39,33,352,2
img2_r028_c003.png,2,28,3,1945,1305,26,53,419,3
img2_r028_c004.png,2,28,4,2047,1285,46,65,743,4
img2_r028_c005.png,2,28,5,2161,1283,42,62,777,5
img2_r028_c006.png,2,28,6,2364,1277,44,68,588,7
img2_r029_c000.png,2,29,0,0,1346,106,113,1595,0
img2_r029_c001.png,2,29,1,309,1345,32,58,614,9
img2_r029_c002.png,2,29,2,401,1357,20,49,321,1
img2_r029_c003.png,2,29,3,543,1370,36,52,502,2
img2_r029_c004.png,2,29,4,669,1371,38,69,759,3
img2_r029_c005.png,2,29,5,782,1377,52,70,922,4
img2_r029_c006.png,2,29,6,905,1383,59,61,763,5
img2_r029_c007.png,2,29,7,1043,1376,23,69,783,6
img2_r029_c008.png,2,29,8,1167,1367,35,71,586,7
img2_r029_c009.png,2,29,9,1256,1353,30,79,1406,8
img2_r029_c010.png,2,29,10,1347,1336,30,83,736,9
img2_r029_c011.png,2,29,11,2442,1352,43,15,154,4
img2_r029_c012.png,2,29,12,2472,1380,32,61,1132,8
img2_r029_c013.png,2,29,13,2518,1350,43,91,992,9
img2_r029_c014.png,2,29,14,2673,1346,39,17,194,2
img2_r030_c000.png,2,30,0,1837,1447,41,53,497,2
img2_r030_c001.png,2,30,1,2056,1442,40,54,629,9
img2_r030_c002.png,2,30,2,2168,1432,38,53,605,5
img2_r030_c003.png,2,30,3,2258,1415,27,53,814,6
img2_r030_c004.png,2,30,4,2373,1401,34,72,611,7
img2_r031_c000.png,2,31,0,0,1476,98,79,1133,0
img2_r031_c001.png,2,31,1,1663,1481,30,36,774,0
img2_r031_c002.png,2,31,2,1960,1454,29,48,439,3
img2_r032_c000.png,2,32,0,293,1514,35,54,537,9
img2_r032_c001.png,2,32,1,377,1532,15,43,236,1
img2_r032_c002.png,2,32,2,508,1522,43,60,566,2
img2_r032_c003.png,2,32,3,646,1532,32,58,564,3
img2_r032_c004.png,2,32,4,904,1535,35,65,947,5
img2_r032_c005.png,2,32,5,1148,1530,46,58,521,7
img2_r032_c006.png,2,32,6,1251,1513,42,71,1164,8
img2_r032_c007.png,2,32,7,1339,1495,49,76,1423,9
img2_r032_c008.png,2,32,8,2371,1528,36,70,557,7
img2_r032_c009.png,2,32,9,2478,1516,32,71,1335,8
img2_r032_c010.png,2,32,10,2535,1506,35,91,852,9
img2_r033_c000.png,2,33,0,62,1558,30,95,660,1
img2_r033_c001.png,2,33,1,765,1537,51,73,891,4
img2_r033_c002.png,2,33,2,1040,1537,36,74,1274,6
img2_r033_c003.png,2,33,3,1667,1578,34,37,918,0
img2_r033_c004.png,2,33,4,1858,1566,31,43,380,2
img2_r033_c005.png,2,33,5,1986,1573,26,51,421,3
img2_r033_c006.png,2,33,6,2073,1558,44,64,753,9
img2_r033_c007.png,2,33,7,2183,1553,34,50,520,5
img2_r033_c008.png,2,33,8,2262,1540,27,67,864,6
img2_r034_c000.png,2,34,0,262,1658,43,51,1368,0
img2_r034_c001.png,2,34,1,494,1670,37,49,454,2
img2_r034_c002.png,2,34,2,636,1677,26,60,529,3
img2_r034_c003.png,2,34,3,738,1679,47,78,874,4
img2_r034_c004.png,2,34,4,898,1671,57,69,796,5
img2_r034_c005.png,2,34,5,1041,1675,44,71,1481,6
img2_r034_c006.png,2,34,6,1159,1670,43,64,564,7
img2_r034_c007.png,2,34,7,1272,1649,37,70,1413,8
img2_r034_c008.png,2,34,8,1335,1637,56,90,997,9
img2_r034_c009.png,2,34,9,1896,1654,32,21,161,4
img2_r034_c010.png,2,34,10,2089,1689,40,60,693,4
img2_r034_c011.png,2,34,11,2201,1689,41,57,619,5
img2_r034_c012.png,2,34,12,2269,1678,29,66,916,6
img2_r034_c013.png,2,34,13,2378,1684,29,65,494,7
img2_r034_c014.png,2,34,14,2472,1676,28,66,854,8
img2_r034_c015.png,2,34,15,2528,1664,36,69,709,9
img2_r035_c000.png,2,35,0,1661,1715,29,32,668,0
img2_r035_c001.png,2,35,1,1879,1701,25,41,320,2
img2_r035_c002.png,2,35,2,1980,1703,20,45,344,3
img2_r036_c000.png,2,36,0,249,1800,33,40,969,0
img2_r036_c001.png,2,36,1,361,1796,18,48,284,1
img2_r036_c002.png,2,36,2,478,1805,34,44,402,2
img2_r036_c003.png,2,36,3,609,1805,37,57,535,3
img2_r036_c004.png,2,36,4,739,1810,41,67,696,4
img2_r036_c005.png,2,36,5,900,1786,55,70,779,5
img2_r036_c006.png,2,36,6,1049,1796,34,63,722,6
img2_r036_c007.png,2,36,7,1154,1802,35,66,556,7
img2_r036_c008.png,2,36,8,1272,1804,33,69,1357,8
img2_r036_c009.png,2,36,9,1357,1788,27,73,763,9
img2_r036_c010.png,2,36,10,1651,1829,25,40,653,8
img2_r036_c011.png,2,36,11,1871,1821,34,34,351,2
img2_r036_c012.png,2,36,12,1999,1819,24,51,416,3
img2_r036_c013.png,2,36,13,2100,1818,34,58,685,4
img2_r036_c014.png,2,36,14,2219,1816,40,58,659,5
img2_r036_c015.png,2,36,15,2295,1813,26,63,804,6
img2_r036_c016.png,2,36,16,2396,1820,31,52,425,7
img2_r036_c017.png,2,36,17,2479,1809,34,62,1172,8
img2_r036_c018.png,2,36,18,2549,1784,35,94,865,9
img2_r037_c000.png,2,37,0,252,1938,35,42,1097,0
img2_r037_c001.png,2,37,1,477,1969,49,49,534,2
img2_r037_c002.png,2,37,2,616,1961,31,58,490,3
img2_r037_c003.png,2,37,3,748,1954,42,60,716,4
img2_r037_c004.png,2,37,4,906,1963,33,56,571,5
img2_r037_c005.png,2,37,5,1034,1952,35,78,1251,6
img2_r037_c006.png,2,37,6,1150,1955,36,76,598,7
img2_r037_c007.png,2,37,7,1262,1946,39,74,1753,8
img2_r037_c008.png,2,37,8,1361,1919,38,103,1511,9
img2_r037_c009.png,2,37,9,1644,1971,26,35,684,0
img2_r037_c010.png,2,37,10,1867,1956,35,50,444,2
img2_r037_c011.png,2,37,11,1972,1950,33,52,461,3
img2_r037_c012.png,2,37,12,2101,1949,43,65,718,4
img2_r037_c013.png,2,37,13,2216,1957,49,61,1170,5
img2_r037_c014.png,2,37,14,2314,1952,28,72,886,6
img2_r037_c015.png,2,37,15,2406,1965,32,66,532,7
img2_r037_c016.png,2,37,16,2496,1955,32,71,1287,8
img2_r037_c017.png,2,37,17,2561,1934,32,92,768,4
img2_r038_c000.png,2,38,0,2947,2005,26,17,207,9
img2_r039_c000.png,2,39,0,238,2092,30,36,770,0
img2_r039_c001.png,2,39,1,460,2087,46,44,469,2
img2_r039_c002.png,2,39,2,583,2104,32,54,573,3
img2_r039_c003.png,2,39,3,719,2077,48,70,1016,4
img2_r039_c004.png,2,39,4,900,2107,33,60,552,5
img2_r039_c005.png,2,39,5,1022,2094,25,70,926,6
img2_r039_c006.png,2,39,6,1137,2095,37,72,627,7
img2_r039_c007.png,2,39,7,1253,2105,27,69,1245,8
img2_r039_c008.png,2,39,8,1358,2098,34,65,684,9
img2_r039_c009.png,2,39,9,1638,2094,39,38,588,0
img2_r039_c010.png,2,39,10,1869,2070,35,55,465,2
img2_r039_c011.png,2,39,11,1982,2072,24,52,455,3
img2_r039_c012.png,2,39,12,2078,2067,42,65,708,4
img2_r039_c013.png,2,39,13,2206,2069,33,54,537,5
img2_r039_c014.png,2,39,14,2310,2061,27,70,906,6
img2_r039_c015.png,2,39,15,2423,2081,39,62,560,7
img2_r039_c016.png,2,39,16,2521,2063,31,67,1251,8
img2_r039_c017.png,2,39,17,2570,2056,41,93,976,9
img2_r040_c000.png,2,40,0,215,2223,38,34,926,0
img2_r040_c001.png,2,40,1,441,2223,42,44,518,2
img2_r040_c002.png,2,40,2,576,2218,27,49,454,3
img2_r040_c003.png,2,40,3,718,2214,43,65,748,4
img2_r040_c004.png,2,40,4,1640,2211,38,28,726,0
img2_r040_c005.png,2,40,5,1741,2214,14,41,230,1
img2_r040_c006.png,2,40,6,1871,2201,40,40,389,2
img2_r040_c007.png,2,40,7,1973,2186,27,60,487,3
img2_r040_c008.png,2,40,8,2095,2175,41,72,805,4
img2_r040_c009.png,2,40,9,2211,2199,33,52,497,5
img2_r040_c010.png,2,40,10,2326,2191,21,71,782,6
img2_r040_c011.png,2,40,11,2447,2200,36,53,461,7
img2_r040_c012.png,2,40,12,2541,2190,27,68,1150,8
img2_r040_c013.png,2,40,13,2590,2179,31,68,649,9
img2_r041_c000.png,2,41,0,882,2234,50,62,791,5
img2_r041_c001.png,2,41,1,1029,2226,27,82,982,6
img2_r041_c002.png,2,41,2,1143,2247,35,70,589,7
img2_r041_c003.png,2,41,3,1264,2241,33,71,1397,8
img2_r041_c004.png,2,41,4,1361,2232,33,80,745,9
img2_r042_c000.png,2,42,0,1660,2337,27,36,668,8
img2_r042_c001.png,2,42,1,1856,2329,31,45,449,2
img2_r042_c002.png,2,42,2,1981,2324,31,62,559,3
img2_r042_c003.png,2,42,3,2101,2326,41,76,835,4
img2_r042_c004.png,2,42,4,2209,2335,48,63,653,5
img2_r042_c005.png,2,42,5,2323,2321,29,80,809,6
img2_r042_c006.png,2,42,6,2456,2338,31,64,485,7
img2_r042_c007.png,2,42,7,2548,2316,30,72,1317,8
img2_r042_c008.png,2,42,8,2606,2315,27,74,647,9
img2_r043_c000.png,2,43,0,195,2371,35,49,637,0
img2_r043_c001.png,2,43,1,417,2367,48,49,556,2
img2_r043_c002.png,2,43,2,566,2359,30,56,559,3
img2_r043_c003.png,2,43,3,704,2363,46,61,745,4
img2_r043_c004.png,2,43,4,897,2355,38,68,735,5
img2_r043_c005.png,2,43,5,1018,2349,37,103,1095,6
img2_r043_c006.png,2,43,6,1148,2363,41,80,690,7
img2_r043_c007.png,2,43,7,1263,2362,31,71,1387,8
img2_r043_c008.png,2,43,8,1339,2355,29,74,900,9
img2_r044_c000.png,2,44,0,1669,2467,28,36,772,0
img2_r044_c001.png,2,44,1,1847,2464,34,48,432,2
img2_r044_c002.png,2,44,2,1975,2455,37,67,576,3
img2_r044_c003.png,2,44,3,2107,2461,40,59,829,4
img2_r044_c004.png,2,44,4,2237,2462,41,60,645,5
img2_r044_c005.png,2,44,5,2351,2436,28,80,865,6
img2_r044_c006.png,2,44,6,2469,2453,36,67,559,7
img2_r044_c007.png,2,44,7,2567,2434,32,70,1391,8
img2_r044_c008.png,2,44,8,2617,2433,34,81,800,9
img2_r045_c000.png,2,45,0,193,2503,29,42,834,0
img2_r045_c001.png,2,45,1,414,2495,45,44,494,2
img2_r045_c002.png,2,45,2,550,2497,29,59,531,3
img2_r045_c003.png,2,45,3,702,2488,40,69,827,8
img2_r045_c004.png,2,45,4,876,2498,42,63,743,5
img2_r045_c005.png,2,45,5,1027,2496,32,78,1259,6
img2_r045_c006.png,2,45,6,1180,2491,37,84,705,7
img2_r045_c007.png,2,45,7,1281,2484,37,83,1757,8
img2_r045_c008.png,2,45,8,1342,2480,42,95,1425,9
img2_r046_c000.png,2,46,0,1671,2582,28,38,514,3
img2_r046_c001.png,2,46,1,1765,2567,23,71,662,1
img2_r046_c002.png,2,46,2,1845,2569,42,56,571,2
img2_r046_c003.png,2,46,3,2006,2579,28,61,547,3
img2_r046_c004.png,2,46,4,2104,2570,44,73,992,4
img2_r046_c005.png,2,46,5,2221,2588,52,64,825,5
img2_r046_c006.png,2,46,6,2339,2576,31,73,1037,6
img2_r046_c007.png,2,46,7,2492,2573,33,67,593,7
img2_r046_c008.png,2,46,8,2576,2570,39,73,1558,8
img2_r046_c009.png,2,46,9,2635,2565,27,82,739,1
img2_r047_c000.png,2,47,0,170,2630,31,43,924,0
img2_r047_c001.png,2,47,1,413,2630,42,47,499,2
img2_r047_c002.png,2,47,2,530,2635,41,62,633,3
img2_r047_c003.png,2,47,3,703,2642,42,73,859,4
img2_r047_c004.png,2,47,4,869,2646,37,65,753,5
img2_r047_c005.png,2,47,5,1022,2635,33,87,1286,6
img2_r047_c006.png,2,47,6,1181,2647,34,63,532,7
img2_r047_c007.png,2,47,7,1301,2636,26,69,1247,8
img2_r047_c008.png,2,47,8,1371,2630,32,77,1076,9
img2_r048_c000.png,2,48,0,1669,2700,33,44,1093,0
img2_r048_c001.png,2,48,1,1841,2703,44,50,525,2
img2_r048_c002.png,2,48,2,2003,2695,30,64,551,3
img2_r048_c003.png,2,48,3,2123,2685,46,89,895,4
img2_r048_c004.png,2,48,4,2249,2701,45,57,688,5
img2_r048_c005.png,2,48,5,2366,2687,31,76,967,6
img2_r048_c006.png,2,48,6,2502,2693,30,60,456,7
img2_r048_c007.png,2,48,7,2576,2673,41,79,1237,8
img2_r048_c008.png,2,48,8,2637,2676,37,89,1006,9
img2_r049_c000.png,2,49,0,167,2759,34,46,1127,0
img2_r049_c001.png,2,49,1,420,2766,37,56,534,2
img2_r049_c002.png,2,49,2,697,2770,40,72,721,4
img2_r049_c003.png,2,49,3,871,2775,45,65,771,5
img2_r049_c004.png,2,49,4,1015,2767,24,71,778,6
img2_r049_c005.png,2,49,5,1296,2769,32,73,1435,8
img2_r049_c006.png,2,49,6,1375,2761,31,71,751,9
img2_r050_c000.png,2,50,0,551,2777,32,67,692,3
img2_r050_c001.png,2,50,1,1163,2776,45,89,774,7
img2_r050_c002.png,2,50,2,1668,2825,31,39,899,0
img2_r050_c003.png,2,50,3,1854,2809,40,50,509,2
img2_r050_c004.png,2,50,4,2018,2800,29,69,622,3
img2_r050_c005.png,2,50,5,2132,2812,46,68,865,4
img2_r050_c006.png,2,50,6,2239,2813,40,64,740,5
img2_r050_c007.png,2,50,7,2367,2794,26,83,1033,6
img2_r050_c008.png,2,50,8,2483,2802,30,69,538,7
img2_r050_c009.png,2,50,9,2574,2799,31,71,1218,8
img2_r050_c010.png,2,50,10,2626,2792,36,89,1105,9
img2_r051_c000.png,2,51,0,162,2900,28,45,561,2
img2_r051_c001.png,2,51,1,395,2914,34,51,453,2
img2_r051_c002.png,2,51,2,559,2907,29,62,556,3
img2_r051_c003.png,2,51,3,695,2895,45,72,855,4
img2_r051_c004.png,2,51,4,861,2910,54,66,808,5
img2_r051_c005.png,2,51,5,1008,2909,27,66,974,6
img2_r051_c006.png,2,51,6,1183,2918,26,63,499,7
img2_r051_c007.png,2,51,7,1307,2898,31,71,1336,8
img2_r051_c008.png,2,51,8,1372,2903,28,71,770,9
img2_r051_c009.png,2,51,9,2380,2920,27,88,900,6
img2_r051_c010.png,2,51,10,2597,2922,43,75,1555,8
img2_r051_c011.png,2,51,11,2657,2924,36,77,834,9
img2_r052_c000.png,2,52,0,1689,2939,25,43,764,0
img2_r052_c001.png,2,52,1,1861,2940,41,61,519,2
img2_r052_c002.png,2,52,2,1976,2936,38,74,652,3
img2_r052_c003.png,2,52,3,2098,2943,52,81,888,4
img2_r052_c004.png,2,52,4,2244,2961,38,58,572,5
img2_r052_c005.png,2,52,5,2253,2952,44,15,225,5
img2_r052_c006.png,2,52,6,2498,2945,39,58,529,7
img2_r053_c000.png,2,53,0,151,3051,33,40,905,0
img2_r053_c001.png,2,53,1,384,3056,37,42,459,2
img2_r053_c002.png,2,53,2,559,3054,28,62,595,3
img2_r053_c003.png,2,53,3,699,3034,48,74,878,4
img2_r053_c004.png,2,53,4,886,3042,54,71,803,5
img2_r053_c005.png,2,53,5,1021,3046,30,73,985,6
img2_r053_c006.png,2,53,6,1189,3018,34,80,637,7
img2_r053_c007.png,2,53,7,1305,3039,25,60,931,8
img2_r053_c008.png,2,53,8,1369,3020,36,87,945,9
img2_r054_c000.png,2,54,0,1699,3083,35,52,1324,0
img2_r054_c001.png,2,54,1,1860,3098,38,45,484,2
img2_r054_c002.png,2,54,2,1987,3081,32,67,574,3
img2_r054_c003.png,2,54,3,2107,3083,43,73,805,4
img2_r054_c004.png,2,54,4,2255,3078,54,74,822,5
img2_r054_c005.png,2,54,5,2384,3058,30,96,881,6
img2_r054_c006.png,2,54,6,2514,3081,32,70,574,7
img2_r054_c007.png,2,54,7,2618,3058,37,79,1563,8
img2_r054_c008.png,2,54,8,2666,3061,32,76,815,9
img2_r055_c000.png,2,55,0,152,3209,35,48,1187,0
img2_r055_c001.png,2,55,1,367,3228,42,48,536,2
img2_r055_c002.png,2,55,2,534,3206,31,60,620,3
img2_r055_c003.png,2,55,3,692,3189,45,81,972,4
img2_r055_c004.png,2,55,4,884,3197,45,68,829,5
img2_r055_c005.png,2,55,5,1020,3194,30,81,1259,6
img2_r055_c006.png,2,55,6,1202,3193,41,84,749,7
img2_r055_c007.png,2,55,7,1293,3203,32,75,1467,8
img2_r055_c008.png,2,55,8,1365,3192,30,103,1207,1
img2_r055_c009.png,2,55,9,1708,3230,33,41,1002,0
img2_r055_c010.png,2,55,10,1880,3233,42,51,540,2
img2_r055_c011.png,2,55,11,1983,3227,38,63,636,3
img2_r055_c012.png,2,55,12,2107,3224,42,78,957,4
img2_r055_c013.png,2,55,13,2387,3223,27,84,918,6
img2_r055_c014.png,2,55,14,2632,3211,43,84,1633,8
img2_r055_c015.png,2,55,15,2686,3211,47,100,1091,9
img2_r056_c000.png,2,56,0,2263,3238,49,67,854,5
img2_r056_c001.png,2,56,1,2504,3240,46,68,676,7
