file,label
0/0000_0.png,0
0/0001_0.png,0
0/0002_0.png,0
0/0003_0.png,0
0/0004_0.png,0
0/0005_0.png,0
0/0006_0.png,0
0/0007_0.png,0
0/0008_0.png,0
0/0009_0.png,0
0/0010_0.png,0
0/0011_0.png,0
0/0012_0.png,0
0/0013_0.png,0
0/0014_0.png,0
0/0015_0.png,0
0/0016_0.png,0
0/0017_0.png,0
0/0018_0.png,0
0/0019_0.png,0
0/0020_0.png,0
0/0021_0.png,0
0/0022_0.png,0
0/0023_0.png,0
0/0024_0.png,0
0/0025_0.png,0
0/0026_0.png,0
0/0027_0.png,0
0/0028_0.png,0
0/0029_0.png,0
0/0030_0.png,0
0/0031_0.png,0
0/0032_0.png,0
0/0033_0.png,0
0/0034_0.png,0
0/0035_0.png,0
0/0036_0.png,0
0/0037_0.png,0
0/0038_0.png,0
0/0039_0.png,0
0/0040_0.png,0
0/0041_0.png,0
0/0042_0.png,0
0/0043_0.png,0
0/0044_0.png,0
0/0045_0.png,0
0/0046_0.png,0
0/0047_0.png,0
0/0048_0.png,0
0/0049_0.png,0
0/0050_0.png,0
0/0051_0.png,0
0/0052_0.png,0
0/0053_0.png,0
0/0054_0.png,0
0/0055_0.png,0
0/0056_0.png,0
0/0057_0.png,0
0/0058_0.png,0
0/0059_0.png,0
0/0060_0.png,0
0/0061_0.png,0
0/0062_0.png,0
0/0063_0.png,0
0/0064_0.png,0
0/0065_0.png,0
0/0066_0.png,0
0/0067_0.png,0
0/0068_0.png,0
0/0069_0.png,0
0/0070_0.png,0
0/0071_0.png,0
0/0072_0.png,0
0/0073_0.png,0
0/0074_0.png,0
0/0075_0.png,0
0/0076_0.png,0
0/0077_0.png,0
0/0078_0.png,0
0/0079_0.png,0
0/0080_0.png,0
0/0081_0.png,0
0/0082_0.png,0
0/0083_0.png,0
0/0084_0.png,0
0/0085_0.png,0
0/0086_0.png,0
0/0087_0.png,0
0/0088_0.png,0
0/0089_0.png,0
0/0090_0.png,0
0/0091_0.png,0
0/0092_0.png,0
0/0093_0.png,0
0/0094_0.png,0
0/0095_0.png,0
0/0096_0.png,0
0/0097_0.png,0
0/0098_0.png,0
0/0099_0.png,0
0/0100_0.png,0
0/0101_0.png,0
0/0102_0.png,0
0/0103_0.png,0
0/0104_0.png,0
0/0105_0.png,0
0/0106_0.png,0
0/0107_0.png,0
0/0108_0.png,0
0/0109_0.png,0
0/0110_0.png,0
0/0111_0.png,0
0/0112_0.png,0
0/0113_0.png,0
0/0114_0.png,0
0/0115_0.png,0
0/0116_0.png,0
0/0117_0.png,0
0/0118_0.png,0
0/0119_0.png,0
0/0120_0.png,0
0/0121_0.png,0
0/0122_0.png,0
0/0123_0.png,0
0/0124_0.png,0
0/0125_0.png,0
0/0126_0.png,0
0/0127_0.png,0
0/0128_0.png,0
0/0129_0.png,0
0/0130_0.png,0
0/0131_0.png,0
0/0132_0.png,0
0/0133_0.png,0
0/0134_0.png,0
0/0135_0.png,0
0/0136_0.png,0
0/0137_0.png,0
0/0138_0.png,0
0/0139_0.png,0
0/0140_0.png,0
0/0141_0.png,0
0/0142_0.png,0
0/0143_0.png,0
0/0144_0.png,0
0/0145_0.png,0
0/0146_0.png,0
0/0147_0.png,0
0/0148_0.png,0
0/0149_0.png,0
0/0150_0.png,0
0/0151_0.png,0
0/0152_0.png,0
0/0153_0.png,0
0/0154_0.png,0
0/0155_0.png,0
0/0156_0.png,0
0/0157_0.png,0
0/0158_0.png,0
0/0159_0.png,0
0/0160_0.png,0
0/0161_0.png,0
0/0162_0.png,0
0/0163_0.png,0
0/0164_0.png,0
0/0165_0.png,0
0/0166_0.png,0
0/0167_0.png,0
0/0168_0.png,0
0/0169_0.png,0
0/0170_0.png,0
0/0171_0.png,0
0/0172_0.png,0
0/0173_0.png,0
0/0174_0.png,0
0/0175_0.png,0
0/0176_0.png,0
0/0177_0.png,0
0/0178_0.png,0
0/0179_0.png,0
0/0180_0.png,0
0/0181_0.png,0
0/0182_0.png,0
0/0183_0.png,0
0/0184_0.png,0
0/0185_0.png,0
0/0186_0.png,0
0/0187_0.png,0
0/0188_0.png,0
0/0189_0.png,0
0/0190_0.png,0
0/0191_0.png,0
0/0192_0.png,0
0/0193_0.png,0
0/0194_0.png,0
0/0195_0.png,0
0/0196_0.png,0
0/0197_0.png,0
0/0198_0.png,0
0/0199_0.png,0
0/0200_0.png,0
0/0201_0.png,0
0/0202_0.png,0
0/0203_0.png,0
0/0204_0.png,0
0/0205_0.png,0
0/0206_0.png,0
0/0207_0.png,0
0/0208_0.png,0
0/0209_0.png,0
0/0210_0.png,0
0/0211_0.png,0
0/0212_0.png,0
0/0213_0.png,0
0/0214_0.png,0
0/0215_0.png,0
0/0216_0.png,0
0/0217_0.png,0
0/0218_0.png,0
0/0219_0.png,0
0/0220_0.png,0
0/0221_0.png,0
0/0222_0.png,0
0/0223_0.png,0
0/0224_0.png,0
0/0225_0.png,0
0/0226_0.png,0
0/0227_0.png,0
0/0228_0.png,0
0/0229_0.png,0
0/0230_0.png,0
0/0231_0.png,0
0/0232_0.png,0
0/0233_0.png,0
0/0234_0.png,0
0/0235_0.png,0
0/0236_0.png,0
0/0237_0.png,0
0/0238_0.png,0
0/0239_0.png,0
0/0240_0.png,0
0/0241_0.png,0
0/0242_0.png,0
0/0243_0.png,0
0/0244_0.png,0
0/0245_0.png,0
0/0246_0.png,0
0/0247_0.png,0
0/0248_0.png,0
0/0249_0.png,0
0/0250_0.png,0
0/0251_0.png,0
0/0252_0.png,0
0/0253_0.png,0
0/0254_0.png,0
0/0255_0.png,0
0/0256_0.png,0
0/0257_0.png,0
0/0258_0.png,0
0/0259_0.png,0
0/0260_0.png,0
0/0261_0.png,0
0/0262_0.png,0
0/0263_0.png,0
0/0264_0.png,0
0/0265_0.png,0
0/0266_0.png,0
0/0267_0.png,0
0/0268_0.png,0
0/0269_0.png,0
0/0270_0.png,0
0/0271_0.png,0
0/0272_0.png,0
0/0273_0.png,0
0/0274_0.png,0
0/0275_0.png,0
0/0276_0.png,0
0/0277_0.png,0
0/0278_0.png,0
0/0279_0.png,0
0/0280_0.png,0
0/0281_0.png,0
0/0282_0.png,0
0/0283_0.png,0
0/0284_0.png,0
0/0285_0.png,0
0/0286_0.png,0
0/0287_0.png,0
0/0288_0.png,0
0/0289_0.png,0
0/0290_0.png,0
0/0291_0.png,0
0/0292_0.png,0
0/0293_0.png,0
0/0294_0.png,0
0/0295_0.png,0
0/0296_0.png,0
0/0297_0.png,0
0/0298_0.png,0
0/0299_0.png,0
0/0300_0.png,0
0/0301_0.png,0
0/0302_0.png,0
0/0303_0.png,0
0/0304_0.png,0
0/0305_0.png,0
0/0306_0.png,0
0/0307_0.png,0
0/0308_0.png,0
0/0309_0.png,0
0/0310_0.png,0
0/0311_0.png,0
0/0312_0.png,0
0/0313_0.png,0
0/0314_0.png,0
0/0315_0.png,0
0/0316_0.png,0
0/0317_0.png,0
0/0318_0.png,0
0/0319_0.png,0
0/0320_0.png,0
0/0321_0.png,0
0/0322_0.png,0
0/0323_0.png,0
0/0324_0.png,0
0/0325_0.png,0
0/0326_0.png,0
0/0327_0.png,0
0/0328_0.png,0
0/0329_0.png,0
0/0330_0.png,0
0/0331_0.png,0
0/0332_0.png,0
0/0333_0.png,0
0/0334_0.png,0
0/0335_0.png,0
0/0336_0.png,0
0/0337_0.png,0
0/0338_0.png,0
0/0339_0.png,0
0/0340_0.png,0
0/0341_0.png,0
0/0342_0.png,0
0/0343_0.png,0
0/0344_0.png,0
0/0345_0.png,0
0/0346_0.png,0
0/0347_0.png,0
0/0348_0.png,0
0/0349_0.png,0
0/0350_0.png,0
0/0351_0.png,0
0/0352_0.png,0
0/0353_0.png,0
0/0354_0.png,0
0/0355_0.png,0
0/0356_0.png,0
0/0357_0.png,0
0/0358_0.png,0
0/0359_0.png,0
0/0360_0.png,0
0/0361_0.png,0
0/0362_0.png,0
0/0363_0.png,0
0/0364_0.png,0
0/0365_0.png,0
0/0366_0.png,0
0/0367_0.png,0
0/0368_0.png,0
0/0369_0.png,0
0/0370_0.png,0
0/0371_0.png,0
0/0372_0.png,0
0/0373_0.png,0
0/0374_0.png,0
0/0375_0.png,0
0/0376_0.png,0
0/0377_0.png,0
0/0378_0.png,0
0/0379_0.png,0
0/0380_0.png,0
0/0381_0.png,0
0/0382_0.png,0
0/0383_0.png,0
0/0384_0.png,0
0/0385_0.png,0
0/0386_0.png,0
0/0387_0.png,0
0/0388_0.png,0
0/0389_0.png,0
0/0390_0.png,0
0/0391_0.png,0
0/0392_0.png,0
0/0393_0.png,0
0/0394_0.png,0
0/0395_0.png,0
0/0396_0.png,0
0/0397_0.png,0
0/0398_0.png,0
0/0399_0.png,0
0/0400_0.png,0
0/0401_0.png,0
0/0402_0.png,0
0/0403_0.png,0
0/0404_0.png,0
0/0405_0.png,0
0/0406_0.png,0
0/0407_0.png,0
0/0408_0.png,0
0/0409_0.png,0
0/0410_0.png,0
0/0411_0.png,0
0/0412_0.png,0
0/0413_0.png,0
0/0414_0.png,0
0/0415_0.png,0
0/0416_0.png,0
0/0417_0.png,0
0/0418_0.png,0
0/0419_0.png,0
0/0420_0.png,0
0/0421_0.png,0
0/0422_0.png,0
0/0423_0.png,0
0/0424_0.png,0
0/0425_0.png,0
0/0426_0.png,0
0/0427_0.png,0
0/0428_0.png,0
0/0429_0.png,0
0/0430_0.png,0
0/0431_0.png,0
0/0432_0.png,0
0/0433_0.png,0
0/0434_0.png,0
0/0435_0.png,0
0/0436_0.png,0
0/0437_0.png,0
0/0438_0.png,0
0/0439_0.png,0
0/0440_0.png,0
0/0441_0.png,0
0/0442_0.png,0
0/0443_0.png,0
0/0444_0.png,0
0/0445_0.png,0
0/0446_0.png,0
0/0447_0.png,0
0/0448_0.png,0
0/0449_0.png,0
0/0450_0.png,0
0/0451_0.png,0
0/0452_0.png,0
0/0453_0.png,0
0/0454_0.png,0
0/0455_0.png,0
0/0456_0.png,0
0/0457_0.png,0
0/0458_0.png,0
0/0459_0.png,0
0/0460_0.png,0
0/0461_0.png,0
0/0462_0.png,0
0/0463_0.png,0
0/0464_0.png,0
0/0465_0.png,0
0/0466_0.png,0
0/0467_0.png,0
0/0468_0.png,0
0/0469_0.png,0
0/0470_0.png,0
0/0471_0.png,0
0/0472_0.png,0
0/0473_0.png,0
0/0474_0.png,0
0/0475_0.png,0
0/0476_0.png,0
0/0477_0.png,0
0/0478_0.png,0
0/0479_0.png,0
0/0480_0.png,0
0/0481_0.png,0
0/0482_0.png,0
0/0483_0.png,0
0/0484_0.png,0
0/0485_0.png,0
0/0486_0.png,0
0/0487_0.png,0
0/0488_0.png,0
0/0489_0.png,0
0/0490_0.png,0
0/0491_0.png,0
0/0492_0.png,0
0/0493_0.png,0
0/0494_0.png,0
0/0495_0.png,0
0/0496_0.png,0
0/0497_0.png,0
0/0498_0.png,0
0/0499_0.png,0
1/0000_1.png,1
1/0001_1.png,1
1/0002_1.png,1
1/0003_1.png,1
1/0004_1.png,1
1/0005_1.png,1
1/0006_1.png,1
1/0007_1.png,1
1/0008_1.png,1
1/0009_1.png,1
1/0010_1.png,1
1/0011_1.png,1
1/0012_1.png,1
1/0013_1.png,1
1/0014_1.png,1
1/0015_1.png,1
1/0016_1.png,1
1/0017_1.png,1
1/0018_1.png,1
1/0019_1.png,1
1/0020_1.png,1
1/0021_1.png,1
1/0022_1.png,1
1/0023_1.png,1
1/0024_1.png,1
1/0025_1.png,1
1/0026_1.png,1
1/0027_1.png,1
1/0028_1.png,1
1/0029_1.png,1
1/0030_1.png,1
1/0031_1.png,1
1/0032_1.png,1
1/0033_1.png,1
1/0034_1.png,1
1/0035_1.png,1
1/0036_1.png,1
1/0037_1.png,1
1/0038_1.png,1
1/0039_1.png,1
1/0040_1.png,1
1/0041_1.png,1
1/0042_1.png,1
1/0043_1.png,1
1/0044_1.png,1
1/0045_1.png,1
1/0046_1.png,1
1/0047_1.png,1
1/0048_1.png,1
1/0049_1.png,1
1/0050_1.png,1
1/0051_1.png,1
1/0052_1.png,1
1/0053_1.png,1
1/0054_1.png,1
1/0055_1.png,1
1/0056_1.png,1
1/0057_1.png,1
1/0058_1.png,1
1/0059_1.png,1
1/0060_1.png,1
1/0061_1.png,1
1/0062_1.png,1
1/0063_1.png,1
1/0064_1.png,1
1/0065_1.png,1
1/0066_1.png,1
1/0067_1.png,1
1/0068_1.png,1
1/0069_1.png,1
1/0070_1.png,1
1/0071_1.png,1
1/0072_1.png,1
1/0073_1.png,1
1/0074_1.png,1
1/0075_1.png,1
1/0076_1.png,1
1/0077_1.png,1
1/0078_1.png,1
1/0079_1.png,1
1/0080_1.png,1
1/0081_1.png,1
1/0082_1.png,1
1/0083_1.png,1
1/0084_1.png,1
1/0085_1.png,1
1/0086_1.png,1
1/0087_1.png,1
1/0088_1.png,1
1/0089_1.png,1
1/0090_1.png,1
1/0091_1.png,1
1/0092_1.png,1
1/0093_1.png,1
1/0094_1.png,1
1/0095_1.png,1
1/0096_1.png,1
1/0097_1.png,1
1/0098_1.png,1
1/0099_1.png,1
1/0100_1.png,1
1/0101_1.png,1
1/0102_1.png,1
1/0103_1.png,1
1/0104_1.png,1
1/0105_1.png,1
1/0106_1.png,1
1/0107_1.png,1
1/0108_1.png,1
1/0109_1.png,1
1/0110_1.png,1
1/0111_1.png,1
1/0112_1.png,1
1/0113_1.png,1
1/0114_1.png,1
1/0115_1.png,1
1/0116_1.png,1
1/0117_1.png,1
1/0118_1.png,1
1/0119_1.png,1
1/0120_1.png,1
1/0121_1.png,1
1/0122_1.png,1
1/0123_1.png,1
1/0124_1.png,1
1/0125_1.png,1
1/0126_1.png,1
1/0127_1.png,1
1/0128_1.png,1
1/0129_1.png,1
1/0130_1.png,1
1/0131_1.png,1
1/0132_1.png,1
1/0133_1.png,1
1/0134_1.png,1
1/0135_1.png,1
1/0136_1.png,1
1/0137_1.png,1
1/0138_1.png,1
1/0139_1.png,1
1/0140_1.png,1
1/0141_1.png,1
1/0142_1.png,1
1/0143_1.png,1
1/0144_1.png,1
1/0145_1.png,1
1/0146_1.png,1
1/0147_1.png,1
1/0148_1.png,1
1/0149_1.png,1
1/0150_1.png,1
1/0151_1.png,1
1/0152_1.png,1
1/0153_1.png,1
1/0154_1.png,1
1/0155_1.png,1
1/0156_1.png,1
1/0157_1.png,1
1/0158_1.png,1
1/0159_1.png,1
1/0160_1.png,1
1/0161_1.png,1
1/0162_1.png,1
1/0163_1.png,1
1/0164_1.png,1
1/0165_1.png,1
1/0166_1.png,1
1/0167_1.png,1
1/0168_1.png,1
1/0169_1.png,1
1/0170_1.png,1
1/0171_1.png,1
1/0172_1.png,1
1/0173_1.png,1
1/0174_1.png,1
1/0175_1.png,1
1/0176_1.png,1
1/0177_1.png,1
1/0178_1.png,1
1/0179_1.png,1
1/0180_1.png,1
1/0181_1.png,1
1/0182_1.png,1
1/0183_1.png,1
1/0184_1.png,1
1/0185_1.png,1
1/0186_1.png,1
1/0187_1.png,1
1/0188_1.png,1
1/0189_1.png,1
1/0190_1.png,1
1/0191_1.png,1
1/0192_1.png,1
1/0193_1.png,1
1/0194_1.png,1
1/0195_1.png,1
1/0196_1.png,1
1/0197_1.png,1
1/0198_1.png,1
1/0199_1.png,1
1/0200_1.png,1
1/0201_1.png,1
1/0202_1.png,1
1/0203_1.png,1
1/0204_1.png,1
1/0205_1.png,1
1/0206_1.png,1
1/0207_1.png,1
1/0208_1.png,1
1/0209_1.png,1
1/0210_1.png,1
1/0211_1.png,1
1/0212_1.png,1
1/0213_1.png,1
1/0214_1.png,1
1/0215_1.png,1
1/0216_1.png,1
1/0217_1.png,1
1/0218_1.png,1
1/0219_1.png,1
1/0220_1.png,1
1/0221_1.png,1
1/0222_1.png,1
1/0223_1.png,1
1/0224_1.png,1
1/0225_1.png,1
1/0226_1.png,1
1/0227_1.png,1
1/0228_1.png,1
1/0229_1.png,1
1/0230_1.png,1
1/0231_1.png,1
1/0232_1.png,1
1/0233_1.png,1
1/0234_1.png,1
1/0235_1.png,1
1/0236_1.png,1
1/0237_1.png,1
1/0238_1.png,1
1/0239_1.png,1
1/0240_1.png,1
1/0241_1.png,1
1/0242_1.png,1
1/0243_1.png,1
1/0244_1.png,1
1/0245_1.png,1
1/0246_1.png,1
1/0247_1.png,1
1/0248_1.png,1
1/0249_1.png,1
1/0250_1.png,1
1/0251_1.png,1
1/0252_1.png,1
1/0253_1.png,1
1/0254_1.png,1
1/0255_1.png,1
1/0256_1.png,1
1/0257_1.png,1
1/0258_1.png,1
1/0259_1.png,1
1/0260_1.png,1
1/0261_1.png,1
1/0262_1.png,1
1/0263_1.png,1
1/0264_1.png,1
1/0265_1.png,1
1/0266_1.png,1
1/0267_1.png,1
1/0268_1.png,1
1/0269_1.png,1
1/0270_1.png,1
1/0271_1.png,1
1/0272_1.png,1
1/0273_1.png,1
1/0274_1.png,1
1/0275_1.png,1
1/0276_1.png,1
1/0277_1.png,1
1/0278_1.png,1
1/0279_1.png,1
1/0280_1.png,1
1/0281_1.png,1
1/0282_1.png,1
1/0283_1.png,1
1/0284_1.png,1
1/0285_1.png,1
1/0286_1.png,1
1/0287_1.png,1
1/0288_1.png,1
1/0289_1.png,1
1/0290_1.png,1
1/0291_1.png,1
1/0292_1.png,1
1/0293_1.png,1
1/0294_1.png,1
1/0295_1.png,1
1/0296_1.png,1
1/0297_1.png,1
1/0298_1.png,1
1/0299_1.png,1
1/0300_1.png,1
1/0301_1.png,1
1/0302_1.png,1
1/0303_1.png,1
1/0304_1.png,1
1/0305_1.png,1
1/0306_1.png,1
1/0307_1.png,1
1/0308_1.png,1
1/0309_1.png,1
1/0310_1.png,1
1/0311_1.png,1
1/0312_1.png,1
1/0313_1.png,1
1/0314_1.png,1
1/0315_1.png,1
1/0316_1.png,1
1/0317_1.png,1
1/0318_1.png,1
1/0319_1.png,1
1/0320_1.png,1
1/0321_1.png,1
1/0322_1.png,1
1/0323_1.png,1
1/0324_1.png,1
1/0325_1.png,1
1/0326_1.png,1
1/0327_1.png,1
1/0328_1.png,1
1/0329_1.png,1
1/0330_1.png,1
1/0331_1.png,1
1/0332_1.png,1
1/0333_1.png,1
1/0334_1.png,1
1/0335_1.png,1
1/0336_1.png,1
1/0337_1.png,1
1/0338_1.png,1
1/0339_1.png,1
1/0340_1.png,1
1/0341_1.png,1
1/0342_1.png,1
1/0343_1.png,1
1/0344_1.png,1
1/0345_1.png,1
1/0346_1.png,1
1/0347_1.png,1
1/0348_1.png,1
1/0349_1.png,1
1/0350_1.png,1
1/0351_1.png,1
1/0352_1.png,1
1/0353_1.png,1
1/0354_1.png,1
1/0355_1.png,1
1/0356_1.png,1
1/0357_1.png,1
1/0358_1.png,1
1/0359_1.png,1
1/0360_1.png,1
1/0361_1.png,1
1/0362_1.png,1
1/0363_1.png,1
1/0364_1.png,1
1/0365_1.png,1
1/0366_1.png,1
1/0367_1.png,1
1/0368_1.png,1
1/0369_1.png,1
1/0370_1.png,1
1/0371_1.png,1
1/0372_1.png,1
1/0373_1.png,1
1/0374_1.png,1
1/0375_1.png,1
1/0376_1.png,1
1/0377_1.png,1
1/0378_1.png,1
1/0379_1.png,1
1/0380_1.png,1
1/0381_1.png,1
1/0382_1.png,1
1/0383_1.png,1
1/0384_1.png,1
1/0385_1.png,1
1/0386_1.png,1
1/0387_1.png,1
1/0388_1.png,1
1/0389_1.png,1
1/0390_1.png,1
1/0391_1.png,1
1/0392_1.png,1
1/0393_1.png,1
1/0394_1.png,1
1/0395_1.png,1
1/0396_1.png,1
1/0397_1.png,1
1/0398_1.png,1
1/0399_1.png,1
1/0400_1.png,1
1/0401_1.png,1
1/0402_1.png,1
1/0403_1.png,1
1/0404_1.png,1
1/0405_1.png,1
1/0406_1.png,1
1/0407_1.png,1
1/0408_1.png,1
1/0409_1.png,1
1/0410_1.png,1
1/0411_1.png,1
1/0412_1.png,1
1/0413_1.png,1
1/0414_1.png,1
1/0415_1.png,1
1/0416_1.png,1
1/0417_1.png,1
1/0418_1.png,1
1/0419_1.png,1
1/0420_1.png,1
1/0421_1.png,1
1/0422_1.png,1
1/0423_1.png,1
1/0424_1.png,1
1/0425_1.png,1
1/0426_1.png,1
1/0427_1.png,1
1/0428_1.png,1
1/0429_1.png,1
1/0430_1.png,1
1/0431_1.png,1
1/0432_1.png,1
1/0433_1.png,1
1/0434_1.png,1
1/0435_1.png,1
1/0436_1.png,1
1/0437_1.png,1
1/0438_1.png,1
1/0439_1.png,1
1/0440_1.png,1
1/0441_1.png,1
1/0442_1.png,1
1/0443_1.png,1
1/0444_1.png,1
1/0445_1.png,1
1/0446_1.png,1
1/0447_1.png,1
1/0448_1.png,1
1/0449_1.png,1
1/0450_1.png,1
1/0451_1.png,1
1/0452_1.png,1
1/0453_1.png,1
1/0454_1.png,1
1/0455_1.png,1
1/0456_1.png,1
1/0457_1.png,1
1/0458_1.png,1
1/0459_1.png,1
1/0460_1.png,1
1/0461_1.png,1
1/0462_1.png,1
1/0463_1.png,1
1/0464_1.png,1
1/0465_1.png,1
1/0466_1.png,1
1/0467_1.png,1
1/0468_1.png,1
1/0469_1.png,1
1/0470_1.png,1
1/0471_1.png,1
1/0472_1.png,1
1/0473_1.png,1
1/0474_1.png,1
1/0475_1.png,1
1/0476_1.png,1
1/0477_1.png,1
1/0478_1.png,1
1/0479_1.png,1
1/0480_1.png,1
1/0481_1.png,1
1/0482_1.png,1
1/0483_1.png,1
1/0484_1.png,1
1/0485_1.png,1
1/0486_1.png,1
1/0487_1.png,1
1/0488_1.png,1
1/0489_1.png,1
1/0490_1.png,1
1/0491_1.png,1
1/0492_1.png,1
1/0493_1.png,1
1/0494_1.png,1
1/0495_1.png,1
1/0496_1.png,1
1/0497_1.png,1
1/0498_1.png,1
1/0499_1.png,1
2/0000_2.png,2
2/0001_2.png,2
2/0002_2.png,2
2/0003_2.png,2
2/0004_2.png,2
2/0005_2.png,2
2/0006_2.png,2
2/0007_2.png,2
2/0008_2.png,2
2/0009_2.png,2
2/0010_2.png,2
2/0011_2.png,2
2/0012_2.png,2
2/0013_2.png,2
2/0014_2.png,2
2/0015_2.png,2
2/0016_2.png,2
2/0017_2.png,2
2/0018_2.png,2
2/0019_2.png,2
2/0020_2.png,2
2/0021_2.png,2
2/0022_2.png,2
2/0023_2.png,2
2/0024_2.png,2
2/0025_2.png,2
2/0026_2.png,2
2/0027_2.png,2
2/0028_2.png,2
2/0029_2.png,2
2/0030_2.png,2
2/0031_2.png,2
2/0032_2.png,2
2/0033_2.png,2
2/0034_2.png,2
2/0035_2.png,2
2/0036_2.png,2
2/0037_2.png,2
2/0038_2.png,2
2/0039_2.png,2
2/0040_2.png,2
2/0041_2.png,2
2/0042_2.png,2
2/0043_2.png,2
2/0044_2.png,2
2/0045_2.png,2
2/0046_2.png,2
2/0047_2.png,2
2/0048_2.png,2
2/0049_2.png,2
2/0050_2.png,2
2/0051_2.png,2
2/0052_2.png,2
2/0053_2.png,2
2/0054_2.png,2
2/0055_2.png,2
2/0056_2.png,2
2/0057_2.png,2
2/0058_2.png,2
2/0059_2.png,2
2/0060_2.png,2
2/0061_2.png,2
2/0062_2.png,2
2/0063_2.png,2
2/0064_2.png,2
2/0065_2.png,2
2/0066_2.png,2
2/0067_2.png,2
2/0068_2.png,2
2/0069_2.png,2
2/0070_2.png,2
2/0071_2.png,2
2/0072_2.png,2
2/0073_2.png,2
2/0074_2.png,2
2/0075_2.png,2
2/0076_2.png,2
2/0077_2.png,2
2/0078_2.png,2
2/0079_2.png,2
2/0080_2.png,2
2/0081_2.png,2
2/0082_2.png,2
2/0083_2.png,2
2/0084_2.png,2
2/0085_2.png,2
2/0086_2.png,2
2/0087_2.png,2
2/0088_2.png,2
2/0089_2.png,2
2/0090_2.png,2
2/0091_2.png,2
2/0092_2.png,2
2/0093_2.png,2
2/0094_2.png,2
2/0095_2.png,2
2/0096_2.png,2
2/0097_2.png,2
2/0098_2.png,2
2/0099_2.png,2
2/0100_2.png,2
2/0101_2.png,2
2/0102_2.png,2
2/0103_2.png,2
2/0104_2.png,2
2/0105_2.png,2
2/0106_2.png,2
2/0107_2.png,2
2/0108_2.png,2
2/0109_2.png,2
2/0110_2.png,2
2/0111_2.png,2
2/0112_2.png,2
2/0113_2.png,2
2/0114_2.png,2
2/0115_2.png,2
2/0116_2.png,2
2/0117_2.png,2
2/0118_2.png,2
2/0119_2.png,2
2/0120_2.png,2
2/0121_2.png,2
2/0122_2.png,2
2/0123_2.png,2
2/0124_2.png,2
2/0125_2.png,2
2/0126_2.png,2
2/0127_2.png,2
2/0128_2.png,2
2/0129_2.png,2
2/0130_2.png,2
2/0131_2.png,2
2/0132_2.png,2
2/0133_2.png,2
2/0134_2.png,2
2/0135_2.png,2
2/0136_2.png,2
2/0137_2.png,2
2/0138_2.png,2
2/0139_2.png,2
2/0140_2.png,2
2/0141_2.png,2
2/0142_2.png,2
2/0143_2.png,2
2/0144_2.png,2
2/0145_2.png,2
2/0146_2.png,2
2/0147_2.png,2
2/0148_2.png,2
2/0149_2.png,2
2/0150_2.png,2
2/0151_2.png,2
2/0152_2.png,2
2/0153_2.png,2
2/0154_2.png,2
2/0155_2.png,2
2/0156_2.png,2
2/0157_2.png,2
2/0158_2.png,2
2/0159_2.png,2
2/0160_2.png,2
2/0161_2.png,2
2/0162_2.png,2
2/0163_2.png,2
2/0164_2.png,2
2/0165_2.png,2
2/0166_2.png,2
2/0167_2.png,2
2/0168_2.png,2
2/0169_2.png,2
2/0170_2.png,2
2/0171_2.png,2
2/0172_2.png,2
2/0173_2.png,2
2/0174_2.png,2
2/0175_2.png,2
2/0176_2.png,2
2/0177_2.png,2
2/0178_2.png,2
2/0179_2.png,2
2/0180_2.png,2
2/0181_2.png,2
2/0182_2.png,2
2/0183_2.png,2
2/0184_2.png,2
2/0185_2.png,2
2/0186_2.png,2
2/0187_2.png,2
2/0188_2.png,2
2/0189_2.png,2
2/0190_2.png,2
2/0191_2.png,2
2/0192_2.png,2
2/0193_2.png,2
2/0194_2.png,2
2/0195_2.png,2
2/0196_2.png,2
2/0197_2.png,2
2/0198_2.png,2
2/0199_2.png,2
2/0200_2.png,2
2/0201_2.png,2
2/0202_2.png,2
2/0203_2.png,2
2/0204_2.png,2
2/0205_2.png,2
2/0206_2.png,2
2/0207_2.png,2
2/0208_2.png,2
2/0209_2.png,2
2/0210_2.png,2
2/0211_2.png,2
2/0212_2.png,2
2/0213_2.png,2
2/0214_2.png,2
2/0215_2.png,2
2/0216_2.png,2
2/0217_2.png,2
2/0218_2.png,2
2/0219_2.png,2
2/0220_2.png,2
2/0221_2.png,2
2/0222_2.png,2
2/0223_2.png,2
2/0224_2.png,2
2/0225_2.png,2
2/0226_2.png,2
2/0227_2.png,2
2/0228_2.png,2
2/0229_2.png,2
2/0230_2.png,2
2/0231_2.png,2
2/0232_2.png,2
2/0233_2.png,2
2/0234_2.png,2
2/0235_2.png,2
2/0236_2.png,2
2/0237_2.png,2
2/0238_2.png,2
2/0239_2.png,2
2/0240_2.png,2
2/0241_2.png,2
2/0242_2.png,2
2/0243_2.png,2
2/0244_2.png,2
2/0245_2.png,2
2/0246_2.png,2
2/0247_2.png,2
2/0248_2.png,2
2/0249_2.png,2
2/0250_2.png,2
2/0251_2.png,2
2/0252_2.png,2
2/0253_2.png,2
2/0254_2.png,2
2/0255_2.png,2
2/0256_2.png,2
2/0257_2.png,2
2/0258_2.png,2
2/0259_2.png,2
2/0260_2.png,2
2/0261_2.png,2
2/0262_2.png,2
2/0263_2.png,2
2/0264_2.png,2
2/0265_2.png,2
2/0266_2.png,2
2/0267_2.png,2
2/0268_2.png,2
2/0269_2.png,2
2/0270_2.png,2
2/0271_2.png,2
2/0272_2.png,2
2/0273_2.png,2
2/0274_2.png,2
2/0275_2.png,2
2/0276_2.png,2
2/0277_2.png,2
2/0278_2.png,2
2/0279_2.png,2
2/0280_2.png,2
2/0281_2.png,2
2/0282_2.png,2
2/0283_2.png,2
2/0284_2.png,2
2/0285_2.png,2
2/0286_2.png,2
2/0287_2.png,2
2/0288_2.png,2
2/0289_2.png,2
2/0290_2.png,2
2/0291_2.png,2
2/0292_2.png,2
2/0293_2.png,2
2/0294_2.png,2
2/0295_2.png,2
2/0296_2.png,2
2/0297_2.png,2
2/0298_2.png,2
2/0299_2.png,2
2/0300_2.png,2
2/0301_2.png,2
2/0302_2.png,2
2/0303_2.png,2
2/0304_2.png,2
2/0305_2.png,2
2/0306_2.png,2
2/0307_2.png,2
2/0308_2.png,2
2/0309_2.png,2
2/0310_2.png,2
2/0311_2.png,2
2/0312_2.png,2
2/0313_2.png,2
2/0314_2.png,2
2/0315_2.png,2
2/0316_2.png,2
2/0317_2.png,2
2/0318_2.png,2
2/0319_2.png,2
2/0320_2.png,2
2/0321_2.png,2
2/0322_2.png,2
2/0323_2.png,2
2/0324_2.png,2
2/0325_2.png,2
2/0326_2.png,2
2/0327_2.png,2
2/0328_2.png,2
2/0329_2.png,2
2/0330_2.png,2
2/0331_2.png,2
2/0332_2.png,2
2/0333_2.png,2
2/0334_2.png,2
2/0335_2.png,2
2/0336_2.png,2
2/0337_2.png,2
2/0338_2.png,2
2/0339_2.png,2
2/0340_2.png,2
2/0341_2.png,2
2/0342_2.png,2
2/0343_2.png,2
2/0344_2.png,2
2/0345_2.png,2
2/0346_2.png,2
2/0347_2.png,2
2/0348_2.png,2
2/0349_2.png,2
2/0350_2.png,2
2/0351_2.png,2
2/0352_2.png,2
2/0353_2.png,2
2/0354_2.png,2
2/0355_2.png,2
2/0356_2.png,2
2/0357_2.png,2
2/0358_2.png,2
2/0359_2.png,2
2/0360_2.png,2
2/0361_2.png,2
2/0362_2.png,2
2/0363_2.png,2
2/0364_2.png,2
2/0365_2.png,2
2/0366_2.png,2
2/0367_2.png,2
2/0368_2.png,2
2/0369_2.png,2
2/0370_2.png,2
2/0371_2.png,2
2/0372_2.png,2
2/0373_2.png,2
2/0374_2.png,2
2/0375_2.png,2
2/0376_2.png,2
2/0377_2.png,2
2/0378_2.png,2
2/0379_2.png,2
2/0380_2.png,2
2/0381_2.png,2
2/0382_2.png,2
2/0383_2.png,2
2/0384_2.png,2
2/0385_2.png,2
2/0386_2.png,2
2/0387_2.png,2
2/0388_2.png,2
2/0389_2.png,2
2/0390_2.png,2
2/0391_2.png,2
2/0392_2.png,2
2/0393_2.png,2
2/0394_2.png,2
2/0395_2.png,2
2/0396_2.png,2
2/0397_2.png,2
2/0398_2.png,2
2/0399_2.png,2
2/0400_2.png,2
2/0401_2.png,2
2/0402_2.png,2
2/0403_2.png,2
2/0404_2.png,2
2/0405_2.png,2
2/0406_2.png,2
2/0407_2.png,2
2/0408_2.png,2
2/0409_2.png,2
2/0410_2.png,2
2/0411_2.png,2
2/0412_2.png,2
2/0413_2.png,2
2/0414_2.png,2
2/0415_2.png,2
2/0416_2.png,2
2/0417_2.png,2
2/0418_2.png,2
2/0419_2.png,2
2/0420_2.png,2
2/0421_2.png,2
2/0422_2.png,2
2/0423_2.png,2
2/0424_2.png,2
2/0425_2.png,2
2/0426_2.png,2
2/0427_2.png,2
2/0428_2.png,2
2/0429_2.png,2
2/0430_2.png,2
2/0431_2.png,2
2/0432_2.png,2
2/0433_2.png,2
2/0434_2.png,2
2/0435_2.png,2
2/0436_2.png,2
2/0437_2.png,2
2/0438_2.png,2
2/0439_2.png,2
2/0440_2.png,2
2/0441_2.png,2
2/0442_2.png,2
2/0443_2.png,2
2/0444_2.png,2
2/0445_2.png,2
2/0446_2.png,2
2/0447_2.png,2
2/0448_2.png,2
2/0449_2.png,2
2/0450_2.png,2
2/0451_2.png,2
2/0452_2.png,2
2/0453_2.png,2
2/0454_2.png,2
2/0455_2.png,2
2/0456_2.png,2
2/0457_2.png,2
2/0458_2.png,2
2/0459_2.png,2
2/0460_2.png,2
2/0461_2.png,2
2/0462_2.png,2
2/0463_2.png,2
2/0464_2.png,2
2/0465_2.png,2
2/0466_2.png,2
2/0467_2.png,2
2/0468_2.png,2
2/0469_2.png,2
2/0470_2.png,2
2/0471_2.png,2
2/0472_2.png,2
2/0473_2.png,2
2/0474_2.png,2
2/0475_2.png,2
2/0476_2.png,2
2/0477_2.png,2
2/0478_2.png,2
2/0479_2.png,2
2/0480_2.png,2
2/0481_2.png,2
2/0482_2.png,2
2/0483_2.png,2
2/0484_2.png,2
2/0485_2.png,2
2/0486_2.png,2
2/0487_2.png,2
2/0488_2.png,2
2/0489_2.png,2
2/0490_2.png,2
2/0491_2.png,2
2/0492_2.png,2
2/0493_2.png,2
2/0494_2.png,2
2/0495_2.png,2
2/0496_2.png,2
2/0497_2.png,2
2/0498_2.png,2
2/0499_2.png,2
3/0000_3.png,3
3/0001_3.png,3
3/0002_3.png,3
3/0003_3.png,3
3/0004_3.png,3
3/0005_3.png,3
3/0006_3.png,3
3/0007_3.png,3
3/0008_3.png,3
3/0009_3.png,3
3/0010_3.png,3
3/0011_3.png,3
3/0012_3.png,3
3/0013_3.png,3
3/0014_3.png,3
3/0015_3.png,3
3/0016_3.png,3
3/0017_3.png,3
3/0018_3.png,3
3/0019_3.png,3
3/0020_3.png,3
3/0021_3.png,3
3/0022_3.png,3
3/0023_3.png,3
3/0024_3.png,3
3/0025_3.png,3
3/0026_3.png,3
3/0027_3.png,3
3/0028_3.png,3
3/0029_3.png,3
3/0030_3.png,3
3/0031_3.png,3
3/0032_3.png,3
3/0033_3.png,3
3/0034_3.png,3
3/0035_3.png,3
3/0036_3.png,3
3/0037_3.png,3
3/0038_3.png,3
3/0039_3.png,3
3/0040_3.png,3
3/0041_3.png,3
3/0042_3.png,3
3/0043_3.png,3
3/0044_3.png,3
3/0045_3.png,3
3/0046_3.png,3
3/0047_3.png,3
3/0048_3.png,3
3/0049_3.png,3
3/0050_3.png,3
3/0051_3.png,3
3/0052_3.png,3
3/0053_3.png,3
3/0054_3.png,3
3/0055_3.png,3
3/0056_3.png,3
3/0057_3.png,3
3/0058_3.png,3
3/0059_3.png,3
3/0060_3.png,3
3/0061_3.png,3
3/0062_3.png,3
3/0063_3.png,3
3/0064_3.png,3
3/0065_3.png,3
3/0066_3.png,3
3/0067_3.png,3
3/0068_3.png,3
3/0069_3.png,3
3/0070_3.png,3
3/0071_3.png,3
3/0072_3.png,3
3/0073_3.png,3
3/0074_3.png,3
3/0075_3.png,3
3/0076_3.png,3
3/0077_3.png,3
3/0078_3.png,3
3/0079_3.png,3
3/0080_3.png,3
3/0081_3.png,3
3/0082_3.png,3
3/0083_3.png,3
3/0084_3.png,3
3/0085_3.png,3
3/0086_3.png,3
3/0087_3.png,3
3/0088_3.png,3
3/0089_3.png,3
3/0090_3.png,3
3/0091_3.png,3
3/0092_3.png,3
3/0093_3.png,3
3/0094_3.png,3
3/0095_3.png,3
3/0096_3.png,3
3/0097_3.png,3
3/0098_3.png,3
3/0099_3.png,3
3/0100_3.png,3
3/0101_3.png,3
3/0102_3.png,3
3/0103_3.png,3
3/0104_3.png,3
3/0105_3.png,3
3/0106_3.png,3
3/0107_3.png,3
3/0108_3.png,3
3/0109_3.png,3
3/0110_3.png,3
3/0111_3.png,3
3/0112_3.png,3
3/0113_3.png,3
3/0114_3.png,3
3/0115_3.png,3
3/0116_3.png,3
3/0117_3.png,3
3/0118_3.png,3
3/0119_3.png,3
3/0120_3.png,3
3/0121_3.png,3
3/0122_3.png,3
3/0123_3.png,3
3/0124_3.png,3
3/0125_3.png,3
3/0126_3.png,3
3/0127_3.png,3
3/0128_3.png,3
3/0129_3.png,3
3/0130_3.png,3
3/0131_3.png,3
3/0132_3.png,3
3/0133_3.png,3
3/0134_3.png,3
3/0135_3.png,3
3/0136_3.png,3
3/0137_3.png,3
3/0138_3.png,3
3/0139_3.png,3
3/0140_3.png,3
3/0141_3.png,3
3/0142_3.png,3
3/0143_3.png,3
3/0144_3.png,3
3/0145_3.png,3
3/0146_3.png,3
3/0147_3.png,3
3/0148_3.png,3
3/0149_3.png,3
3/0150_3.png,3
3/0151_3.png,3
3/0152_3.png,3
3/0153_3.png,3
3/0154_3.png,3
3/0155_3.png,3
3/0156_3.png,3
3/0157_3.png,3
3/0158_3.png,3
3/0159_3.png,3
3/0160_3.png,3
3/0161_3.png,3
3/0162_3.png,3
3/0163_3.png,3
3/0164_3.png,3
3/0165_3.png,3
3/0166_3.png,3
3/0167_3.png,3
3/0168_3.png,3
3/0169_3.png,3
3/0170_3.png,3
3/0171_3.png,3
3/0172_3.png,3
3/0173_3.png,3
3/0174_3.png,3
3/0175_3.png,3
3/0176_3.png,3
3/0177_3.png,3
3/0178_3.png,3
3/0179_3.png,3
3/0180_3.png,3
3/0181_3.png,3
3/0182_3.png,3
3/0183_3.png,3
3/0184_3.png,3
3/0185_3.png,3
3/0186_3.png,3
3/0187_3.png,3
3/0188_3.png,3
3/0189_3.png,3
3/0190_3.png,3
3/0191_3.png,3
3/0192_3.png,3
3/0193_3.png,3
3/0194_3.png,3
3/0195_3.png,3
3/0196_3.png,3
3/0197_3.png,3
3/0198_3.png,3
3/0199_3.png,3
3/0200_3.png,3
3/0201_3.png,3
3/0202_3.png,3
3/0203_3.png,3
3/0204_3.png,3
3/0205_3.png,3
3/0206_3.png,3
3/0207_3.png,3
3/0208_3.png,3
3/0209_3.png,3
3/0210_3.png,3
3/0211_3.png,3
3/0212_3.png,3
3/0213_3.png,3
3/0214_3.png,3
3/0215_3.png,3
3/0216_3.png,3
3/0217_3.png,3
3/0218_3.png,3
3/0219_3.png,3
3/0220_3.png,3
3/0221_3.png,3
3/0222_3.png,3
3/0223_3.png,3
3/0224_3.png,3
3/0225_3.png,3
3/0226_3.png,3
3/0227_3.png,3
3/0228_3.png,3
3/0229_3.png,3
3/0230_3.png,3
3/0231_3.png,3
3/0232_3.png,3
3/0233_3.png,3
3/0234_3.png,3
3/0235_3.png,3
3/0236_3.png,3
3/0237_3.png,3
3/0238_3.png,3
3/0239_3.png,3
3/0240_3.png,3
3/0241_3.png,3
3/0242_3.png,3
3/0243_3.png,3
3/0244_3.png,3
3/0245_3.png,3
3/0246_3.png,3
3/0247_3.png,3
3/0248_3.png,3
3/0249_3.png,3
3/0250_3.png,3
3/0251_3.png,3
3/0252_3.png,3
3/0253_3.png,3
3/0254_3.png,3
3/0255_3.png,3
3/0256_3.png,3
3/0257_3.png,3
3/0258_3.png,3
3/0259_3.png,3
3/0260_3.png,3
3/0261_3.png,3
3/0262_3.png,3
3/0263_3.png,3
3/0264_3.png,3
3/0265_3.png,3
3/0266_3.png,3
3/0267_3.png,3
3/0268_3.png,3
3/0269_3.png,3
3/0270_3.png,3
3/0271_3.png,3
3/0272_3.png,3
3/0273_3.png,3
3/0274_3.png,3
3/0275_3.png,3
3/0276_3.png,3
3/0277_3.png,3
3/0278_3.png,3
3/0279_3.png,3
3/0280_3.png,3
3/0281_3.png,3
3/0282_3.png,3
3/0283_3.png,3
3/0284_3.png,3
3/0285_3.png,3
3/0286_3.png,3
3/0287_3.png,3
3/0288_3.png,3
3/0289_3.png,3
3/0290_3.png,3
3/0291_3.png,3
3/0292_3.png,3
3/0293_3.png,3
3/0294_3.png,3
3/0295_3.png,3
3/0296_3.png,3
3/0297_3.png,3
3/0298_3.png,3
3/0299_3.png,3
3/0300_3.png,3
3/0301_3.png,3
3/0302_3.png,3
3/0303_3.png,3
3/0304_3.png,3
3/0305_3.png,3
3/0306_3.png,3
3/0307_3.png,3
3/0308_3.png,3
3/0309_3.png,3
3/0310_3.png,3
3/0311_3.png,3
3/0312_3.png,3
3/0313_3.png,3
3/0314_3.png,3
3/0315_3.png,3
3/0316_3.png,3
3/0317_3.png,3
3/0318_3.png,3
3/0319_3.png,3
3/0320_3.png,3
3/0321_3.png,3
3/0322_3.png,3
3/0323_3.png,3
3/0324_3.png,3
3/0325_3.png,3
3/0326_3.png,3
3/0327_3.png,3
3/0328_3.png,3
3/0329_3.png,3
3/0330_3.png,3
3/0331_3.png,3
3/0332_3.png,3
3/0333_3.png,3
3/0334_3.png,3
3/0335_3.png,3
3/0336_3.png,3
3/0337_3.png,3
3/0338_3.png,3
3/0339_3.png,3
3/0340_3.png,3
3/0341_3.png,3
3/0342_3.png,3
3/0343_3.png,3
3/0344_3.png,3
3/0345_3.png,3
3/0346_3.png,3
3/0347_3.png,3
3/0348_3.png,3
3/0349_3.png,3
3/0350_3.png,3
3/0351_3.png,3
3/0352_3.png,3
3/0353_3.png,3
3/0354_3.png,3
3/0355_3.png,3
3/0356_3.png,3
3/0357_3.png,3
3/0358_3.png,3
3/0359_3.png,3
3/0360_3.png,3
3/0361_3.png,3
3/0362_3.png,3
3/0363_3.png,3
3/0364_3.png,3
3/0365_3.png,3
3/0366_3.png,3
3/0367_3.png,3
3/0368_3.png,3
3/0369_3.png,3
3/0370_3.png,3
3/0371_3.png,3
3/0372_3.png,3
3/0373_3.png,3
3/0374_3.png,3
3/0375_3.png,3
3/0376_3.png,3
3/0377_3.png,3
3/0378_3.png,3
3/0379_3.png,3
3/0380_3.png,3
3/0381_3.png,3
3/0382_3.png,3
3/0383_3.png,3
3/0384_3.png,3
3/0385_3.png,3
3/0386_3.png,3
3/0387_3.png,3
3/0388_3.png,3
3/0389_3.png,3
3/0390_3.png,3
3/0391_3.png,3
3/0392_3.png,3
3/0393_3.png,3
3/0394_3.png,3
3/0395_3.png,3
3/0396_3.png,3
3/0397_3.png,3
3/0398_3.png,3
3/0399_3.png,3
3/0400_3.png,3
3/0401_3.png,3
3/0402_3.png,3
3/0403_3.png,3
3/0404_3.png,3
3/0405_3.png,3
3/0406_3.png,3
3/0407_3.png,3
3/0408_3.png,3
3/0409_3.png,3
3/0410_3.png,3
3/0411_3.png,3
3/0412_3.png,3
3/0413_3.png,3
3/0414_3.png,3
3/0415_3.png,3
3/0416_3.png,3
3/0417_3.png,3
3/0418_3.png,3
3/0419_3.png,3
3/0420_3.png,3
3/0421_3.png,3
3/0422_3.png,3
3/0423_3.png,3
3/0424_3.png,3
3/0425_3.png,3
3/0426_3.png,3
3/0427_3.png,3
3/0428_3.png,3
3/0429_3.png,3
3/0430_3.png,3
3/0431_3.png,3
3/0432_3.png,3
3/0433_3.png,3
3/0434_3.png,3
3/0435_3.png,3
3/0436_3.png,3
3/0437_3.png,3
3/0438_3.png,3
3/0439_3.png,3
3/0440_3.png,3
3/0441_3.png,3
3/0442_3.png,3
3/0443_3.png,3
3/0444_3.png,3
3/0445_3.png,3
3/0446_3.png,3
3/0447_3.png,3
3/0448_3.png,3
3/0449_3.png,3
3/0450_3.png,3
3/0451_3.png,3
3/0452_3.png,3
3/0453_3.png,3
3/0454_3.png,3
3/0455_3.png,3
3/0456_3.png,3
3/0457_3.png,3
3/0458_3.png,3
3/0459_3.png,3
3/0460_3.png,3
3/0461_3.png,3
3/0462_3.png,3
3/0463_3.png,3
3/0464_3.png,3
3/0465_3.png,3
3/0466_3.png,3
3/0467_3.png,3
3/0468_3.png,3
3/0469_3.png,3
3/0470_3.png,3
3/0471_3.png,3
3/0472_3.png,3
3/0473_3.png,3
3/0474_3.png,3
3/0475_3.png,3
3/0476_3.png,3
3/0477_3.png,3
3/0478_3.png,3
3/0479_3.png,3
3/0480_3.png,3
3/0481_3.png,3
3/0482_3.png,3
3/0483_3.png,3
3/0484_3.png,3
3/0485_3.png,3
3/0486_3.png,3
3/0487_3.png,3
3/0488_3.png,3
3/0489_3.png,3
3/0490_3.png,3
3/0491_3.png,3
3/0492_3.png,3
3/0493_3.png,3
3/0494_3.png,3
3/0495_3.png,3
3/0496_3.png,3
3/0497_3.png,3
3/0498_3.png,3
3/0499_3.png,3
4/0000_4.png,4
4/0001_4.png,4
4/0002_4.png,4
4/0003_4.png,4
4/0004_4.png,4
4/0005_4.png,4
4/0006_4.png,4
4/0007_4.png,4
4/0008_4.png,4
4/0009_4.png,4
4/0010_4.png,4
4/0011_4.png,4
4/0012_4.png,4
4/0013_4.png,4
4/0014_4.png,4
4/0015_4.png,4
4/0016_4.png,4
4/0017_4.png,4
4/0018_4.png,4
4/0019_4.png,4
4/0020_4.png,4
4/0021_4.png,4
4/0022_4.png,4
4/0023_4.png,4
4/0024_4.png,4
4/0025_4.png,4
4/0026_4.png,4
4/0027_4.png,4
4/0028_4.png,4
4/0029_4.png,4
4/0030_4.png,4
4/0031_4.png,4
4/0032_4.png,4
4/0033_4.png,4
4/0034_4.png,4
4/0035_4.png,4
4/0036_4.png,4
4/0037_4.png,4
4/0038_4.png,4
4/0039_4.png,4
4/0040_4.png,4
4/0041_4.png,4
4/0042_4.png,4
4/0043_4.png,4
4/0044_4.png,4
4/0045_4.png,4
4/0046_4.png,4
4/0047_4.png,4
4/0048_4.png,4
4/0049_4.png,4
4/0050_4.png,4
4/0051_4.png,4
4/0052_4.png,4
4/0053_4.png,4
4/0054_4.png,4
4/0055_4.png,4
4/0056_4.png,4
4/0057_4.png,4
4/0058_4.png,4
4/0059_4.png,4
4/0060_4.png,4
4/0061_4.png,4
4/0062_4.png,4
4/0063_4.png,4
4/0064_4.png,4
4/0065_4.png,4
4/0066_4.png,4
4/0067_4.png,4
4/0068_4.png,4
4/0069_4.png,4
4/0070_4.png,4
4/0071_4.png,4
4/0072_4.png,4
4/0073_4.png,4
4/0074_4.png,4
4/0075_4.png,4
4/0076_4.png,4
4/0077_4.png,4
4/0078_4.png,4
4/0079_4.png,4
4/0080_4.png,4
4/0081_4.png,4
4/0082_4.png,4
4/0083_4.png,4
4/0084_4.png,4
4/0085_4.png,4
4/0086_4.png,4
4/0087_4.png,4
4/0088_4.png,4
4/0089_4.png,4
4/0090_4.png,4
4/0091_4.png,4
4/0092_4.png,4
4/0093_4.png,4
4/0094_4.png,4
4/0095_4.png,4
4/0096_4.png,4
4/0097_4.png,4
4/0098_4.png,4
4/0099_4.png,4
4/0100_4.png,4
4/0101_4.png,4
4/0102_4.png,4
4/0103_4.png,4
4/0104_4.png,4
4/0105_4.png,4
4/0106_4.png,4
4/0107_4.png,4
4/0108_4.png,4
4/0109_4.png,4
4/0110_4.png,4
4/0111_4.png,4
4/0112_4.png,4
4/0113_4.png,4
4/0114_4.png,4
4/0115_4.png,4
4/0116_4.png,4
4/0117_4.png,4
4/0118_4.png,4
4/0119_4.png,4
4/0120_4.png,4
4/0121_4.png,4
4/0122_4.png,4
4/0123_4.png,4
4/0124_4.png,4
4/0125_4.png,4
4/0126_4.png,4
4/0127_4.png,4
4/0128_4.png,4
4/0129_4.png,4
4/0130_4.png,4
4/0131_4.png,4
4/0132_4.png,4
4/0133_4.png,4
4/0134_4.png,4
4/0135_4.png,4
4/0136_4.png,4
4/0137_4.png,4
4/0138_4.png,4
4/0139_4.png,4
4/0140_4.png,4
4/0141_4.png,4
4/0142_4.png,4
4/0143_4.png,4
4/0144_4.png,4
4/0145_4.png,4
4/0146_4.png,4
4/0147_4.png,4
4/0148_4.png,4
4/0149_4.png,4
4/0150_4.png,4
4/0151_4.png,4
4/0152_4.png,4
4/0153_4.png,4
4/0154_4.png,4
4/0155_4.png,4
4/0156_4.png,4
4/0157_4.png,4
4/0158_4.png,4
4/0159_4.png,4
4/0160_4.png,4
4/0161_4.png,4
4/0162_4.png,4
4/0163_4.png,4
4/0164_4.png,4
4/0165_4.png,4
4/0166_4.png,4
4/0167_4.png,4
4/0168_4.png,4
4/0169_4.png,4
4/0170_4.png,4
4/0171_4.png,4
4/0172_4.png,4
4/0173_4.png,4
4/0174_4.png,4
4/0175_4.png,4
4/0176_4.png,4
4/0177_4.png,4
4/0178_4.png,4
4/0179_4.png,4
4/0180_4.png,4
4/0181_4.png,4
4/0182_4.png,4
4/0183_4.png,4
4/0184_4.png,4
4/0185_4.png,4
4/0186_4.png,4
4/0187_4.png,4
4/0188_4.png,4
4/0189_4.png,4
4/0190_4.png,4
4/0191_4.png,4
4/0192_4.png,4
4/0193_4.png,4
4/0194_4.png,4
4/0195_4.png,4
4/0196_4.png,4
4/0197_4.png,4
4/0198_4.png,4
4/0199_4.png,4
4/0200_4.png,4
4/0201_4.png,4
4/0202_4.png,4
4/0203_4.png,4
4/0204_4.png,4
4/0205_4.png,4
4/0206_4.png,4
4/0207_4.png,4
4/0208_4.png,4
4/0209_4.png,4
4/0210_4.png,4
4/0211_4.png,4
4/0212_4.png,4
4/0213_4.png,4
4/0214_4.png,4
4/0215_4.png,4
4/0216_4.png,4
4/0217_4.png,4
4/0218_4.png,4
4/0219_4.png,4
4/0220_4.png,4
4/0221_4.png,4
4/0222_4.png,4
4/0223_4.png,4
4/0224_4.png,4
4/0225_4.png,4
4/0226_4.png,4
4/0227_4.png,4
4/0228_4.png,4
4/0229_4.png,4
4/0230_4.png,4
4/0231_4.png,4
4/0232_4.png,4
4/0233_4.png,4
4/0234_4.png,4
4/0235_4.png,4
4/0236_4.png,4
4/0237_4.png,4
4/0238_4.png,4
4/0239_4.png,4
4/0240_4.png,4
4/0241_4.png,4
4/0242_4.png,4
4/0243_4.png,4
4/0244_4.png,4
4/0245_4.png,4
4/0246_4.png,4
4/0247_4.png,4
4/0248_4.png,4
4/0249_4.png,4
4/0250_4.png,4
4/0251_4.png,4
4/0252_4.png,4
4/0253_4.png,4
4/0254_4.png,4
4/0255_4.png,4
4/0256_4.png,4
4/0257_4.png,4
4/0258_4.png,4
4/0259_4.png,4
4/0260_4.png,4
4/0261_4.png,4
4/0262_4.png,4
4/0263_4.png,4
4/0264_4.png,4
4/0265_4.png,4
4/0266_4.png,4
4/0267_4.png,4
4/0268_4.png,4
4/0269_4.png,4
4/0270_4.png,4
4/0271_4.png,4
4/0272_4.png,4
4/0273_4.png,4
4/0274_4.png,4
4/0275_4.png,4
4/0276_4.png,4
4/0277_4.png,4
4/0278_4.png,4
4/0279_4.png,4
4/0280_4.png,4
4/0281_4.png,4
4/0282_4.png,4
4/0283_4.png,4
4/0284_4.png,4
4/0285_4.png,4
4/0286_4.png,4
4/0287_4.png,4
4/0288_4.png,4
4/0289_4.png,4
4/0290_4.png,4
4/0291_4.png,4
4/0292_4.png,4
4/0293_4.png,4
4/0294_4.png,4
4/0295_4.png,4
4/0296_4.png,4
4/0297_4.png,4
4/0298_4.png,4
4/0299_4.png,4
4/0300_4.png,4
4/0301_4.png,4
4/0302_4.png,4
4/0303_4.png,4
4/0304_4.png,4
4/0305_4.png,4
4/0306_4.png,4
4/0307_4.png,4
4/0308_4.png,4
4/0309_4.png,4
4/0310_4.png,4
4/0311_4.png,4
4/0312_4.png,4
4/0313_4.png,4
4/0314_4.png,4
4/0315_4.png,4
4/0316_4.png,4
4/0317_4.png,4
4/0318_4.png,4
4/0319_4.png,4
4/0320_4.png,4
4/0321_4.png,4
4/0322_4.png,4
4/0323_4.png,4
4/0324_4.png,4
4/0325_4.png,4
4/0326_4.png,4
4/0327_4.png,4
4/0328_4.png,4
4/0329_4.png,4
4/0330_4.png,4
4/0331_4.png,4
4/0332_4.png,4
4/0333_4.png,4
4/0334_4.png,4
4/0335_4.png,4
4/0336_4.png,4
4/0337_4.png,4
4/0338_4.png,4
4/0339_4.png,4
4/0340_4.png,4
4/0341_4.png,4
4/0342_4.png,4
4/0343_4.png,4
4/0344_4.png,4
4/0345_4.png,4
4/0346_4.png,4
4/0347_4.png,4
4/0348_4.png,4
4/0349_4.png,4
4/0350_4.png,4
4/0351_4.png,4
4/0352_4.png,4
4/0353_4.png,4
4/0354_4.png,4
4/0355_4.png,4
4/0356_4.png,4
4/0357_4.png,4
4/0358_4.png,4
4/0359_4.png,4
4/0360_4.png,4
4/0361_4.png,4
4/0362_4.png,4
4/0363_4.png,4
4/0364_4.png,4
4/0365_4.png,4
4/0366_4.png,4
4/0367_4.png,4
4/0368_4.png,4
4/0369_4.png,4
4/0370_4.png,4
4/0371_4.png,4
4/0372_4.png,4
4/0373_4.png,4
4/0374_4.png,4
4/0375_4.png,4
4/0376_4.png,4
4/0377_4.png,4
4/0378_4.png,4
4/0379_4.png,4
4/0380_4.png,4
4/0381_4.png,4
4/0382_4.png,4
4/0383_4.png,4
4/0384_4.png,4
4/0385_4.png,4
4/0386_4.png,4
4/0387_4.png,4
4/0388_4.png,4
4/0389_4.png,4
4/0390_4.png,4
4/0391_4.png,4
4/0392_4.png,4
4/0393_4.png,4
4/0394_4.png,4
4/0395_4.png,4
4/0396_4.png,4
4/0397_4.png,4
4/0398_4.png,4
4/0399_4.png,4
4/0400_4.png,4
4/0401_4.png,4
4/0402_4.png,4
4/0403_4.png,4
4/0404_4.png,4
4/0405_4.png,4
4/0406_4.png,4
4/0407_4.png,4
4/0408_4.png,4
4/0409_4.png,4
4/0410_4.png,4
4/0411_4.png,4
4/0412_4.png,4
4/0413_4.png,4
4/0414_4.png,4
4/0415_4.png,4
4/0416_4.png,4
4/0417_4.png,4
4/0418_4.png,4
4/0419_4.png,4
4/0420_4.png,4
4/0421_4.png,4
4/0422_4.png,4
4/0423_4.png,4
4/0424_4.png,4
4/0425_4.png,4
4/0426_4.png,4
4/0427_4.png,4
4/0428_4.png,4
4/0429_4.png,4
4/0430_4.png,4
4/0431_4.png,4
4/0432_4.png,4
4/0433_4.png,4
4/0434_4.png,4
4/0435_4.png,4
4/0436_4.png,4
4/0437_4.png,4
4/0438_4.png,4
4/0439_4.png,4
4/0440_4.png,4
4/0441_4.png,4
4/0442_4.png,4
4/0443_4.png,4
4/0444_4.png,4
4/0445_4.png,4
4/0446_4.png,4
4/0447_4.png,4
4/0448_4.png,4
4/0449_4.png,4
4/0450_4.png,4
4/0451_4.png,4
4/0452_4.png,4
4/0453_4.png,4
4/0454_4.png,4
4/0455_4.png,4
4/0456_4.png,4
4/0457_4.png,4
4/0458_4.png,4
4/0459_4.png,4
4/0460_4.png,4
4/0461_4.png,4
4/0462_4.png,4
4/0463_4.png,4
4/0464_4.png,4
4/0465_4.png,4
4/0466_4.png,4
4/0467_4.png,4
4/0468_4.png,4
4/0469_4.png,4
4/0470_4.png,4
4/0471_4.png,4
4/0472_4.png,4
4/0473_4.png,4
4/0474_4.png,4
4/0475_4.png,4
4/0476_4.png,4
4/0477_4.png,4
4/0478_4.png,4
4/0479_4.png,4
4/0480_4.png,4
4/0481_4.png,4
4/0482_4.png,4
4/0483_4.png,4
4/0484_4.png,4
4/0485_4.png,4
4/0486_4.png,4
4/0487_4.png,4
4/0488_4.png,4
4/0489_4.png,4
4/0490_4.png,4
4/0491_4.png,4
4/0492_4.png,4
4/0493_4.png,4
4/0494_4.png,4
4/0495_4.png,4
4/0496_4.png,4
4/0497_4.png,4
4/0498_4.png,4
4/0499_4.png,4
5/0000_5.png,5
5/0001_5.png,5
5/0002_5.png,5
5/0003_5.png,5
5/0004_5.png,5
5/0005_5.png,5
5/0006_5.png,5
5/0007_5.png,5
5/0008_5.png,5
5/0009_5.png,5
5/0010_5.png,5
5/0011_5.png,5
5/0012_5.png,5
5/0013_5.png,5
5/0014_5.png,5
5/0015_5.png,5
5/0016_5.png,5
5/0017_5.png,5
5/0018_5.png,5
5/0019_5.png,5
5/0020_5.png,5
5/0021_5.png,5
5/0022_5.png,5
5/0023_5.png,5
5/0024_5.png,5
5/0025_5.png,5
5/0026_5.png,5
5/0027_5.png,5
5/0028_5.png,5
5/0029_5.png,5
5/0030_5.png,5
5/0031_5.png,5
5/0032_5.png,5
5/0033_5.png,5
5/0034_5.png,5
5/0035_5.png,5
5/0036_5.png,5
5/0037_5.png,5
5/0038_5.png,5
5/0039_5.png,5
5/0040_5.png,5
5/0041_5.png,5
5/0042_5.png,5
5/0043_5.png,5
5/0044_5.png,5
5/0045_5.png,5
5/0046_5.png,5
5/0047_5.png,5
5/0048_5.png,5
5/0049_5.png,5
5/0050_5.png,5
5/0051_5.png,5
5/0052_5.png,5
5/0053_5.png,5
5/0054_5.png,5
5/0055_5.png,5
5/0056_5.png,5
5/0057_5.png,5
5/0058_5.png,5
5/0059_5.png,5
5/0060_5.png,5
5/0061_5.png,5
5/0062_5.png,5
5/0063_5.png,5
5/0064_5.png,5
5/0065_5.png,5
5/0066_5.png,5
5/0067_5.png,5
5/0068_5.png,5
5/0069_5.png,5
5/0070_5.png,5
5/0071_5.png,5
5/0072_5.png,5
5/0073_5.png,5
5/0074_5.png,5
5/0075_5.png,5
5/0076_5.png,5
5/0077_5.png,5
5/0078_5.png,5
5/0079_5.png,5
5/0080_5.png,5
5/0081_5.png,5
5/0082_5.png,5
5/0083_5.png,5
5/0084_5.png,5
5/0085_5.png,5
5/0086_5.png,5
5/0087_5.png,5
5/0088_5.png,5
5/0089_5.png,5
5/0090_5.png,5
5/0091_5.png,5
5/0092_5.png,5
5/0093_5.png,5
5/0094_5.png,5
5/0095_5.png,5
5/0096_5.png,5
5/0097_5.png,5
5/0098_5.png,5
5/0099_5.png,5
5/0100_5.png,5
5/0101_5.png,5
5/0102_5.png,5
5/0103_5.png,5
5/0104_5.png,5
5/0105_5.png,5
5/0106_5.png,5
5/0107_5.png,5
5/0108_5.png,5
5/0109_5.png,5
5/0110_5.png,5
5/0111_5.png,5
5/0112_5.png,5
5/0113_5.png,5
5/0114_5.png,5
5/0115_5.png,5
5/0116_5.png,5
5/0117_5.png,5
5/0118_5.png,5
5/0119_5.png,5
5/0120_5.png,5
5/0121_5.png,5
5/0122_5.png,5
5/0123_5.png,5
5/0124_5.png,5
5/0125_5.png,5
5/0126_5.png,5
5/0127_5.png,5
5/0128_5.png,5
5/0129_5.png,5
5/0130_5.png,5
5/0131_5.png,5
5/0132_5.png,5
5/0133_5.png,5
5/0134_5.png,5
5/0135_5.png,5
5/0136_5.png,5
5/0137_5.png,5
5/0138_5.png,5
5/0139_5.png,5
5/0140_5.png,5
5/0141_5.png,5
5/0142_5.png,5
5/0143_5.png,5
5/0144_5.png,5
5/0145_5.png,5
5/0146_5.png,5
5/0147_5.png,5
5/0148_5.png,5
5/0149_5.png,5
5/0150_5.png,5
5/0151_5.png,5
5/0152_5.png,5
5/0153_5.png,5
5/0154_5.png,5
5/0155_5.png,5
5/0156_5.png,5
5/0157_5.png,5
5/0158_5.png,5
5/0159_5.png,5
5/0160_5.png,5
5/0161_5.png,5
5/0162_5.png,5
5/0163_5.png,5
5/0164_5.png,5
5/0165_5.png,5
5/0166_5.png,5
5/0167_5.png,5
5/0168_5.png,5
5/0169_5.png,5
5/0170_5.png,5
5/0171_5.png,5
5/0172_5.png,5
5/0173_5.png,5
5/0174_5.png,5
5/0175_5.png,5
5/0176_5.png,5
5/0177_5.png,5
5/0178_5.png,5
5/0179_5.png,5
5/0180_5.png,5
5/0181_5.png,5
5/0182_5.png,5
5/0183_5.png,5
5/0184_5.png,5
5/0185_5.png,5
5/0186_5.png,5
5/0187_5.png,5
5/0188_5.png,5
5/0189_5.png,5
5/0190_5.png,5
5/0191_5.png,5
5/0192_5.png,5
5/0193_5.png,5
5/0194_5.png,5
5/0195_5.png,5
5/0196_5.png,5
5/0197_5.png,5
5/0198_5.png,5
5/0199_5.png,5
5/0200_5.png,5
5/0201_5.png,5
5/0202_5.png,5
5/0203_5.png,5
5/0204_5.png,5
5/0205_5.png,5
5/0206_5.png,5
5/0207_5.png,5
5/0208_5.png,5
5/0209_5.png,5
5/0210_5.png,5
5/0211_5.png,5
5/0212_5.png,5
5/0213_5.png,5
5/0214_5.png,5
5/0215_5.png,5
5/0216_5.png,5
5/0217_5.png,5
5/0218_5.png,5
5/0219_5.png,5
5/0220_5.png,5
5/0221_5.png,5
5/0222_5.png,5
5/0223_5.png,5
5/0224_5.png,5
5/0225_5.png,5
5/0226_5.png,5
5/0227_5.png,5
5/0228_5.png,5
5/0229_5.png,5
5/0230_5.png,5
5/0231_5.png,5
5/0232_5.png,5
5/0233_5.png,5
5/0234_5.png,5
5/0235_5.png,5
5/0236_5.png,5
5/0237_5.png,5
5/0238_5.png,5
5/0239_5.png,5
5/0240_5.png,5
5/0241_5.png,5
5/0242_5.png,5
5/0243_5.png,5
5/0244_5.png,5
5/0245_5.png,5
5/0246_5.png,5
5/0247_5.png,5
5/0248_5.png,5
5/0249_5.png,5
5/0250_5.png,5
5/0251_5.png,5
5/0252_5.png,5
5/0253_5.png,5
5/0254_5.png,5
5/0255_5.png,5
5/0256_5.png,5
5/0257_5.png,5
5/0258_5.png,5
5/0259_5.png,5
5/0260_5.png,5
5/0261_5.png,5
5/0262_5.png,5
5/0263_5.png,5
5/0264_5.png,5
5/0265_5.png,5
5/0266_5.png,5
5/0267_5.png,5
5/0268_5.png,5
5/0269_5.png,5
5/0270_5.png,5
5/0271_5.png,5
5/0272_5.png,5
5/0273_5.png,5
5/0274_5.png,5
5/0275_5.png,5
5/0276_5.png,5
5/0277_5.png,5
5/0278_5.png,5
5/0279_5.png,5
5/0280_5.png,5
5/0281_5.png,5
5/0282_5.png,5
5/0283_5.png,5
5/0284_5.png,5
5/0285_5.png,5
5/0286_5.png,5
5/0287_5.png,5
5/0288_5.png,5
5/0289_5.png,5
5/0290_5.png,5
5/0291_5.png,5
5/0292_5.png,5
5/0293_5.png,5
5/0294_5.png,5
5/0295_5.png,5
5/0296_5.png,5
5/0297_5.png,5
5/0298_5.png,5
5/0299_5.png,5
5/0300_5.png,5
5/0301_5.png,5
5/0302_5.png,5
5/0303_5.png,5
5/0304_5.png,5
5/0305_5.png,5
5/0306_5.png,5
5/0307_5.png,5
5/0308_5.png,5
5/0309_5.png,5
5/0310_5.png,5
5/0311_5.png,5
5/0312_5.png,5
5/0313_5.png,5
5/0314_5.png,5
5/0315_5.png,5
5/0316_5.png,5
5/0317_5.png,5
5/0318_5.png,5
5/0319_5.png,5
5/0320_5.png,5
5/0321_5.png,5
5/0322_5.png,5
5/0323_5.png,5
5/0324_5.png,5
5/0325_5.png,5
5/0326_5.png,5
5/0327_5.png,5
5/0328_5.png,5
5/0329_5.png,5
5/0330_5.png,5
5/0331_5.png,5
5/0332_5.png,5
5/0333_5.png,5
5/0334_5.png,5
5/0335_5.png,5
5/0336_5.png,5
5/0337_5.png,5
5/0338_5.png,5
5/0339_5.png,5
5/0340_5.png,5
5/0341_5.png,5
5/0342_5.png,5
5/0343_5.png,5
5/0344_5.png,5
5/0345_5.png,5
5/0346_5.png,5
5/0347_5.png,5
5/0348_5.png,5
5/0349_5.png,5
5/0350_5.png,5
5/0351_5.png,5
5/0352_5.png,5
5/0353_5.png,5
5/0354_5.png,5
5/0355_5.png,5
5/0356_5.png,5
5/0357_5.png,5
5/0358_5.png,5
5/0359_5.png,5
5/0360_5.png,5
5/0361_5.png,5
5/0362_5.png,5
5/0363_5.png,5
5/0364_5.png,5
5/0365_5.png,5
5/0366_5.png,5
5/0367_5.png,5
5/0368_5.png,5
5/0369_5.png,5
5/0370_5.png,5
5/0371_5.png,5
5/0372_5.png,5
5/0373_5.png,5
5/0374_5.png,5
5/0375_5.png,5
5/0376_5.png,5
5/0377_5.png,5
5/0378_5.png,5
5/0379_5.png,5
5/0380_5.png,5
5/0381_5.png,5
5/0382_5.png,5
5/0383_5.png,5
5/0384_5.png,5
5/0385_5.png,5
5/0386_5.png,5
5/0387_5.png,5
5/0388_5.png,5
5/0389_5.png,5
5/0390_5.png,5
5/0391_5.png,5
5/0392_5.png,5
5/0393_5.png,5
5/0394_5.png,5
5/0395_5.png,5
5/0396_5.png,5
5/0397_5.png,5
5/0398_5.png,5
5/0399_5.png,5
5/0400_5.png,5
5/0401_5.png,5
5/0402_5.png,5
5/0403_5.png,5
5/0404_5.png,5
5/0405_5.png,5
5/0406_5.png,5
5/0407_5.png,5
5/0408_5.png,5
5/0409_5.png,5
5/0410_5.png,5
5/0411_5.png,5
5/0412_5.png,5
5/0413_5.png,5
5/0414_5.png,5
5/0415_5.png,5
5/0416_5.png,5
5/0417_5.png,5
5/0418_5.png,5
5/0419_5.png,5
5/0420_5.png,5
5/0421_5.png,5
5/0422_5.png,5
5/0423_5.png,5
5/0424_5.png,5
5/0425_5.png,5
5/0426_5.png,5
5/0427_5.png,5
5/0428_5.png,5
5/0429_5.png,5
5/0430_5.png,5
5/0431_5.png,5
5/0432_5.png,5
5/0433_5.png,5
5/0434_5.png,5
5/0435_5.png,5
5/0436_5.png,5
5/0437_5.png,5
5/0438_5.png,5
5/0439_5.png,5
5/0440_5.png,5
5/0441_5.png,5
5/0442_5.png,5
5/0443_5.png,5
5/0444_5.png,5
5/0445_5.png,5
5/0446_5.png,5
5/0447_5.png,5
5/0448_5.png,5
5/0449_5.png,5
5/0450_5.png,5
5/0451_5.png,5
5/0452_5.png,5
5/0453_5.png,5
5/0454_5.png,5
5/0455_5.png,5
5/0456_5.png,5
5/0457_5.png,5
5/0458_5.png,5
5/0459_5.png,5
5/0460_5.png,5
5/0461_5.png,5
5/0462_5.png,5
5/0463_5.png,5
5/0464_5.png,5
5/0465_5.png,5
5/0466_5.png,5
5/0467_5.png,5
5/0468_5.png,5
5/0469_5.png,5
5/0470_5.png,5
5/0471_5.png,5
5/0472_5.png,5
5/0473_5.png,5
5/0474_5.png,5
5/0475_5.png,5
5/0476_5.png,5
5/0477_5.png,5
5/0478_5.png,5
5/0479_5.png,5
5/0480_5.png,5
5/0481_5.png,5
5/0482_5.png,5
5/0483_5.png,5
5/0484_5.png,5
5/0485_5.png,5
5/0486_5.png,5
5/0487_5.png,5
5/0488_5.png,5
5/0489_5.png,5
5/0490_5.png,5
5/0491_5.png,5
5/0492_5.png,5
5/0493_5.png,5
5/0494_5.png,5
5/0495_5.png,5
5/0496_5.png,5
5/0497_5.png,5
5/0498_5.png,5
5/0499_5.png,5
6/0000_6.png,6
6/0001_6.png,6
6/0002_6.png,6
6/0003_6.png,6
6/0004_6.png,6
6/0005_6.png,6
6/0006_6.png,6
6/0007_6.png,6
6/0008_6.png,6
6/0009_6.png,6
6/0010_6.png,6
6/0011_6.png,6
6/0012_6.png,6
6/0013_6.png,6
6/0014_6.png,6
6/0015_6.png,6
6/0016_6.png,6
6/0017_6.png,6
6/0018_6.png,6
6/0019_6.png,6
6/0020_6.png,6
6/0021_6.png,6
6/0022_6.png,6
6/0023_6.png,6
6/0024_6.png,6
6/0025_6.png,6
6/0026_6.png,6
6/0027_6.png,6
6/0028_6.png,6
6/0029_6.png,6
6/0030_6.png,6
6/0031_6.png,6
6/0032_6.png,6
6/0033_6.png,6
6/0034_6.png,6
6/0035_6.png,6
6/0036_6.png,6
6/0037_6.png,6
6/0038_6.png,6
6/0039_6.png,6
6/0040_6.png,6
6/0041_6.png,6
6/0042_6.png,6
6/0043_6.png,6
6/0044_6.png,6
6/0045_6.png,6
6/0046_6.png,6
6/0047_6.png,6
6/0048_6.png,6
6/0049_6.png,6
6/0050_6.png,6
6/0051_6.png,6
6/0052_6.png,6
6/0053_6.png,6
6/0054_6.png,6
6/0055_6.png,6
6/0056_6.png,6
6/0057_6.png,6
6/0058_6.png,6
6/0059_6.png,6
6/0060_6.png,6
6/0061_6.png,6
6/0062_6.png,6
6/0063_6.png,6
6/0064_6.png,6
6/0065_6.png,6
6/0066_6.png,6
6/0067_6.png,6
6/0068_6.png,6
6/0069_6.png,6
6/0070_6.png,6
6/0071_6.png,6
6/0072_6.png,6
6/0073_6.png,6
6/0074_6.png,6
6/0075_6.png,6
6/0076_6.png,6
6/0077_6.png,6
6/0078_6.png,6
6/0079_6.png,6
6/0080_6.png,6
6/0081_6.png,6
6/0082_6.png,6
6/0083_6.png,6
6/0084_6.png,6
6/0085_6.png,6
6/0086_6.png,6
6/0087_6.png,6
6/0088_6.png,6
6/0089_6.png,6
6/0090_6.png,6
6/0091_6.png,6
6/0092_6.png,6
6/0093_6.png,6
6/0094_6.png,6
6/0095_6.png,6
6/0096_6.png,6
6/0097_6.png,6
6/0098_6.png,6
6/0099_6.png,6
6/0100_6.png,6
6/0101_6.png,6
6/0102_6.png,6
6/0103_6.png,6
6/0104_6.png,6
6/0105_6.png,6
6/0106_6.png,6
6/0107_6.png,6
6/0108_6.png,6
6/0109_6.png,6
6/0110_6.png,6
6/0111_6.png,6
6/0112_6.png,6
6/0113_6.png,6
6/0114_6.png,6
6/0115_6.png,6
6/0116_6.png,6
6/0117_6.png,6
6/0118_6.png,6
6/0119_6.png,6
6/0120_6.png,6
6/0121_6.png,6
6/0122_6.png,6
6/0123_6.png,6
6/0124_6.png,6
6/0125_6.png,6
6/0126_6.png,6
6/0127_6.png,6
6/0128_6.png,6
6/0129_6.png,6
6/0130_6.png,6
6/0131_6.png,6
6/0132_6.png,6
6/0133_6.png,6
6/0134_6.png,6
6/0135_6.png,6
6/0136_6.png,6
6/0137_6.png,6
6/0138_6.png,6
6/0139_6.png,6
6/0140_6.png,6
6/0141_6.png,6
6/0142_6.png,6
6/0143_6.png,6
6/0144_6.png,6
6/0145_6.png,6
6/0146_6.png,6
6/0147_6.png,6
6/0148_6.png,6
6/0149_6.png,6
6/0150_6.png,6
6/0151_6.png,6
6/0152_6.png,6
6/0153_6.png,6
6/0154_6.png,6
6/0155_6.png,6
6/0156_6.png,6
6/0157_6.png,6
6/0158_6.png,6
6/0159_6.png,6
6/0160_6.png,6
6/0161_6.png,6
6/0162_6.png,6
6/0163_6.png,6
6/0164_6.png,6
6/0165_6.png,6
6/0166_6.png,6
6/0167_6.png,6
6/0168_6.png,6
6/0169_6.png,6
6/0170_6.png,6
6/0171_6.png,6
6/0172_6.png,6
6/0173_6.png,6
6/0174_6.png,6
6/0175_6.png,6
6/0176_6.png,6
6/0177_6.png,6
6/0178_6.png,6
6/0179_6.png,6
6/0180_6.png,6
6/0181_6.png,6
6/0182_6.png,6
6/0183_6.png,6
6/0184_6.png,6
6/0185_6.png,6
6/0186_6.png,6
6/0187_6.png,6
6/0188_6.png,6
6/0189_6.png,6
6/0190_6.png,6
6/0191_6.png,6
6/0192_6.png,6
6/0193_6.png,6
6/0194_6.png,6
6/0195_6.png,6
6/0196_6.png,6
6/0197_6.png,6
6/0198_6.png,6
6/0199_6.png,6
6/0200_6.png,6
6/0201_6.png,6
6/0202_6.png,6
6/0203_6.png,6
6/0204_6.png,6
6/0205_6.png,6
6/0206_6.png,6
6/0207_6.png,6
6/0208_6.png,6
6/0209_6.png,6
6/0210_6.png,6
6/0211_6.png,6
6/0212_6.png,6
6/0213_6.png,6
6/0214_6.png,6
6/0215_6.png,6
6/0216_6.png,6
6/0217_6.png,6
6/0218_6.png,6
6/0219_6.png,6
6/0220_6.png,6
6/0221_6.png,6
6/0222_6.png,6
6/0223_6.png,6
6/0224_6.png,6
6/0225_6.png,6
6/0226_6.png,6
6/0227_6.png,6
6/0228_6.png,6
6/0229_6.png,6
6/0230_6.png,6
6/0231_6.png,6
6/0232_6.png,6
6/0233_6.png,6
6/0234_6.png,6
6/0235_6.png,6
6/0236_6.png,6
6/0237_6.png,6
6/0238_6.png,6
6/0239_6.png,6
6/0240_6.png,6
6/0241_6.png,6
6/0242_6.png,6
6/0243_6.png,6
6/0244_6.png,6
6/0245_6.png,6
6/0246_6.png,6
6/0247_6.png,6
6/0248_6.png,6
6/0249_6.png,6
6/0250_6.png,6
6/0251_6.png,6
6/0252_6.png,6
6/0253_6.png,6
6/0254_6.png,6
6/0255_6.png,6
6/0256_6.png,6
6/0257_6.png,6
6/0258_6.png,6
6/0259_6.png,6
6/0260_6.png,6
6/0261_6.png,6
6/0262_6.png,6
6/0263_6.png,6
6/0264_6.png,6
6/0265_6.png,6
6/0266_6.png,6
6/0267_6.png,6
6/0268_6.png,6
6/0269_6.png,6
6/0270_6.png,6
6/0271_6.png,6
6/0272_6.png,6
6/0273_6.png,6
6/0274_6.png,6
6/0275_6.png,6
6/0276_6.png,6
6/0277_6.png,6
6/0278_6.png,6
6/0279_6.png,6
6/0280_6.png,6
6/0281_6.png,6
6/0282_6.png,6
6/0283_6.png,6
6/0284_6.png,6
6/0285_6.png,6
6/0286_6.png,6
6/0287_6.png,6
6/0288_6.png,6
6/0289_6.png,6
6/0290_6.png,6
6/0291_6.png,6
6/0292_6.png,6
6/0293_6.png,6
6/0294_6.png,6
6/0295_6.png,6
6/0296_6.png,6
6/0297_6.png,6
6/0298_6.png,6
6/0299_6.png,6
6/0300_6.png,6
6/0301_6.png,6
6/0302_6.png,6
6/0303_6.png,6
6/0304_6.png,6
6/0305_6.png,6
6/0306_6.png,6
6/0307_6.png,6
6/0308_6.png,6
6/0309_6.png,6
6/0310_6.png,6
6/0311_6.png,6
6/0312_6.png,6
6/0313_6.png,6
6/0314_6.png,6
6/0315_6.png,6
6/0316_6.png,6
6/0317_6.png,6
6/0318_6.png,6
6/0319_6.png,6
6/0320_6.png,6
6/0321_6.png,6
6/0322_6.png,6
6/0323_6.png,6
6/0324_6.png,6
6/0325_6.png,6
6/0326_6.png,6
6/0327_6.png,6
6/0328_6.png,6
6/0329_6.png,6
6/0330_6.png,6
6/0331_6.png,6
6/0332_6.png,6
6/0333_6.png,6
6/0334_6.png,6
6/0335_6.png,6
6/0336_6.png,6
6/0337_6.png,6
6/0338_6.png,6
6/0339_6.png,6
6/0340_6.png,6
6/0341_6.png,6
6/0342_6.png,6
6/0343_6.png,6
6/0344_6.png,6
6/0345_6.png,6
6/0346_6.png,6
6/0347_6.png,6
6/0348_6.png,6
6/0349_6.png,6
6/0350_6.png,6
6/0351_6.png,6
6/0352_6.png,6
6/0353_6.png,6
6/0354_6.png,6
6/0355_6.png,6
6/0356_6.png,6
6/0357_6.png,6
6/0358_6.png,6
6/0359_6.png,6
6/0360_6.png,6
6/0361_6.png,6
6/0362_6.png,6
6/0363_6.png,6
6/0364_6.png,6
6/0365_6.png,6
6/0366_6.png,6
6/0367_6.png,6
6/0368_6.png,6
6/0369_6.png,6
6/0370_6.png,6
6/0371_6.png,6
6/0372_6.png,6
6/0373_6.png,6
6/0374_6.png,6
6/0375_6.png,6
6/0376_6.png,6
6/0377_6.png,6
6/0378_6.png,6
6/0379_6.png,6
6/0380_6.png,6
6/0381_6.png,6
6/0382_6.png,6
6/0383_6.png,6
6/0384_6.png,6
6/0385_6.png,6
6/0386_6.png,6
6/0387_6.png,6
6/0388_6.png,6
6/0389_6.png,6
6/0390_6.png,6
6/0391_6.png,6
6/0392_6.png,6
6/0393_6.png,6
6/0394_6.png,6
6/0395_6.png,6
6/0396_6.png,6
6/0397_6.png,6
6/0398_6.png,6
6/0399_6.png,6
6/0400_6.png,6
6/0401_6.png,6
6/0402_6.png,6
6/0403_6.png,6
6/0404_6.png,6
6/0405_6.png,6
6/0406_6.png,6
6/0407_6.png,6
6/0408_6.png,6
6/0409_6.png,6
6/0410_6.png,6
6/0411_6.png,6
6/0412_6.png,6
6/0413_6.png,6
6/0414_6.png,6
6/0415_6.png,6
6/0416_6.png,6
6/0417_6.png,6
6/0418_6.png,6
6/0419_6.png,6
6/0420_6.png,6
6/0421_6.png,6
6/0422_6.png,6
6/0423_6.png,6
6/0424_6.png,6
6/0425_6.png,6
6/0426_6.png,6
6/0427_6.png,6
6/0428_6.png,6
6/0429_6.png,6
6/0430_6.png,6
6/0431_6.png,6
6/0432_6.png,6
6/0433_6.png,6
6/0434_6.png,6
6/0435_6.png,6
6/0436_6.png,6
6/0437_6.png,6
6/0438_6.png,6
6/0439_6.png,6
6/0440_6.png,6
6/0441_6.png,6
6/0442_6.png,6
6/0443_6.png,6
6/0444_6.png,6
6/0445_6.png,6
6/0446_6.png,6
6/0447_6.png,6
6/0448_6.png,6
6/0449_6.png,6
6/0450_6.png,6
6/0451_6.png,6
6/0452_6.png,6
6/0453_6.png,6
6/0454_6.png,6
6/0455_6.png,6
6/0456_6.png,6
6/0457_6.png,6
6/0458_6.png,6
6/0459_6.png,6
6/0460_6.png,6
6/0461_6.png,6
6/0462_6.png,6
6/0463_6.png,6
6/0464_6.png,6
6/0465_6.png,6
6/0466_6.png,6
6/0467_6.png,6
6/0468_6.png,6
6/0469_6.png,6
6/0470_6.png,6
6/0471_6.png,6
6/0472_6.png,6
6/0473_6.png,6
6/0474_6.png,6
6/0475_6.png,6
6/0476_6.png,6
6/0477_6.png,6
6/0478_6.png,6
6/0479_6.png,6
6/0480_6.png,6
6/0481_6.png,6
6/0482_6.png,6
6/0483_6.png,6
6/0484_6.png,6
6/0485_6.png,6
6/0486_6.png,6
6/0487_6.png,6
6/0488_6.png,6
6/0489_6.png,6
6/0490_6.png,6
6/0491_6.png,6
6/0492_6.png,6
6/0493_6.png,6
6/0494_6.png,6
6/0495_6.png,6
6/0496_6.png,6
6/0497_6.png,6
6/0498_6.png,6
6/0499_6.png,6
7/0000_7.png,7
7/0001_7.png,7
7/0002_7.png,7
7/0003_7.png,7
7/0004_7.png,7
7/0005_7.png,7
7/0006_7.png,7
7/0007_7.png,7
7/0008_7.png,7
7/0009_7.png,7
7/0010_7.png,7
7/0011_7.png,7
7/0012_7.png,7
7/0013_7.png,7
7/0014_7.png,7
7/0015_7.png,7
7/0016_7.png,7
7/0017_7.png,7
7/0018_7.png,7
7/0019_7.png,7
7/0020_7.png,7
7/0021_7.png,7
7/0022_7.png,7
7/0023_7.png,7
7/0024_7.png,7
7/0025_7.png,7
7/0026_7.png,7
7/0027_7.png,7
7/0028_7.png,7
7/0029_7.png,7
7/0030_7.png,7
7/0031_7.png,7
7/0032_7.png,7
7/0033_7.png,7
7/0034_7.png,7
7/0035_7.png,7
7/0036_7.png,7
7/0037_7.png,7
7/0038_7.png,7
7/0039_7.png,7
7/0040_7.png,7
7/0041_7.png,7
7/0042_7.png,7
7/0043_7.png,7
7/0044_7.png,7
7/0045_7.png,7
7/0046_7.png,7
7/0047_7.png,7
7/0048_7.png,7
7/0049_7.png,7
7/0050_7.png,7
7/0051_7.png,7
7/0052_7.png,7
7/0053_7.png,7
7/0054_7.png,7
7/0055_7.png,7
7/0056_7.png,7
7/0057_7.png,7
7/0058_7.png,7
7/0059_7.png,7
7/0060_7.png,7
7/0061_7.png,7
7/0062_7.png,7
7/0063_7.png,7
7/0064_7.png,7
7/0065_7.png,7
7/0066_7.png,7
7/0067_7.png,7
7/0068_7.png,7
7/0069_7.png,7
7/0070_7.png,7
7/0071_7.png,7
7/0072_7.png,7
7/0073_7.png,7
7/0074_7.png,7
7/0075_7.png,7
7/0076_7.png,7
7/0077_7.png,7
7/0078_7.png,7
7/0079_7.png,7
7/0080_7.png,7
7/0081_7.png,7
7/0082_7.png,7
7/0083_7.png,7
7/0084_7.png,7
7/0085_7.png,7
7/0086_7.png,7
7/0087_7.png,7
7/0088_7.png,7
7/0089_7.png,7
7/0090_7.png,7
7/0091_7.png,7
7/0092_7.png,7
7/0093_7.png,7
7/0094_7.png,7
7/0095_7.png,7
7/0096_7.png,7
7/0097_7.png,7
7/0098_7.png,7
7/0099_7.png,7
7/0100_7.png,7
7/0101_7.png,7
7/0102_7.png,7
7/0103_7.png,7
7/0104_7.png,7
7/0105_7.png,7
7/0106_7.png,7
7/0107_7.png,7
7/0108_7.png,7
7/0109_7.png,7
7/0110_7.png,7
7/0111_7.png,7
7/0112_7.png,7
7/0113_7.png,7
7/0114_7.png,7
7/0115_7.png,7
7/0116_7.png,7
7/0117_7.png,7
7/0118_7.png,7
7/0119_7.png,7
7/0120_7.png,7
7/0121_7.png,7
7/0122_7.png,7
7/0123_7.png,7
7/0124_7.png,7
7/0125_7.png,7
7/0126_7.png,7
7/0127_7.png,7
7/0128_7.png,7
7/0129_7.png,7
7/0130_7.png,7
7/0131_7.png,7
7/0132_7.png,7
7/0133_7.png,7
7/0134_7.png,7
7/0135_7.png,7
7/0136_7.png,7
7/0137_7.png,7
7/0138_7.png,7
7/0139_7.png,7
7/0140_7.png,7
7/0141_7.png,7
7/0142_7.png,7
7/0143_7.png,7
7/0144_7.png,7
7/0145_7.png,7
7/0146_7.png,7
7/0147_7.png,7
7/0148_7.png,7
7/0149_7.png,7
7/0150_7.png,7
7/0151_7.png,7
7/0152_7.png,7
7/0153_7.png,7
7/0154_7.png,7
7/0155_7.png,7
7/0156_7.png,7
7/0157_7.png,7
7/0158_7.png,7
7/0159_7.png,7
7/0160_7.png,7
7/0161_7.png,7
7/0162_7.png,7
7/0163_7.png,7
7/0164_7.png,7
7/0165_7.png,7
7/0166_7.png,7
7/0167_7.png,7
7/0168_7.png,7
7/0169_7.png,7
7/0170_7.png,7
7/0171_7.png,7
7/0172_7.png,7
7/0173_7.png,7
7/0174_7.png,7
7/0175_7.png,7
7/0176_7.png,7
7/0177_7.png,7
7/0178_7.png,7
7/0179_7.png,7
7/0180_7.png,7
7/0181_7.png,7
7/0182_7.png,7
7/0183_7.png,7
7/0184_7.png,7
7/0185_7.png,7
7/0186_7.png,7
7/0187_7.png,7
7/0188_7.png,7
7/0189_7.png,7
7/0190_7.png,7
7/0191_7.png,7
7/0192_7.png,7
7/0193_7.png,7
7/0194_7.png,7
7/0195_7.png,7
7/0196_7.png,7
7/0197_7.png,7
7/0198_7.png,7
7/0199_7.png,7
7/0200_7.png,7
7/0201_7.png,7
7/0202_7.png,7
7/0203_7.png,7
7/0204_7.png,7
7/0205_7.png,7
7/0206_7.png,7
7/0207_7.png,7
7/0208_7.png,7
7/0209_7.png,7
7/0210_7.png,7
7/0211_7.png,7
7/0212_7.png,7
7/0213_7.png,7
7/0214_7.png,7
7/0215_7.png,7
7/0216_7.png,7
7/0217_7.png,7
7/0218_7.png,7
7/0219_7.png,7
7/0220_7.png,7
7/0221_7.png,7
7/0222_7.png,7
7/0223_7.png,7
7/0224_7.png,7
7/0225_7.png,7
7/0226_7.png,7
7/0227_7.png,7
7/0228_7.png,7
7/0229_7.png,7
7/0230_7.png,7
7/0231_7.png,7
7/0232_7.png,7
7/0233_7.png,7
7/0234_7.png,7
7/0235_7.png,7
7/0236_7.png,7
7/0237_7.png,7
7/0238_7.png,7
7/0239_7.png,7
7/0240_7.png,7
7/0241_7.png,7
7/0242_7.png,7
7/0243_7.png,7
7/0244_7.png,7
7/0245_7.png,7
7/0246_7.png,7
7/0247_7.png,7
7/0248_7.png,7
7/0249_7.png,7
7/0250_7.png,7
7/0251_7.png,7
7/0252_7.png,7
7/0253_7.png,7
7/0254_7.png,7
7/0255_7.png,7
7/0256_7.png,7
7/0257_7.png,7
7/0258_7.png,7
7/0259_7.png,7
7/0260_7.png,7
7/0261_7.png,7
7/0262_7.png,7
7/0263_7.png,7
7/0264_7.png,7
7/0265_7.png,7
7/0266_7.png,7
7/0267_7.png,7
7/0268_7.png,7
7/0269_7.png,7
7/0270_7.png,7
7/0271_7.png,7
7/0272_7.png,7
7/0273_7.png,7
7/0274_7.png,7
7/0275_7.png,7
7/0276_7.png,7
7/0277_7.png,7
7/0278_7.png,7
7/0279_7.png,7
7/0280_7.png,7
7/0281_7.png,7
7/0282_7.png,7
7/0283_7.png,7
7/0284_7.png,7
7/0285_7.png,7
7/0286_7.png,7
7/0287_7.png,7
7/0288_7.png,7
7/0289_7.png,7
7/0290_7.png,7
7/0291_7.png,7
7/0292_7.png,7
7/0293_7.png,7
7/0294_7.png,7
7/0295_7.png,7
7/0296_7.png,7
7/0297_7.png,7
7/0298_7.png,7
7/0299_7.png,7
7/0300_7.png,7
7/0301_7.png,7
7/0302_7.png,7
7/0303_7.png,7
7/0304_7.png,7
7/0305_7.png,7
7/0306_7.png,7
7/0307_7.png,7
7/0308_7.png,7
7/0309_7.png,7
7/0310_7.png,7
7/0311_7.png,7
7/0312_7.png,7
7/0313_7.png,7
7/0314_7.png,7
7/0315_7.png,7
7/0316_7.png,7
7/0317_7.png,7
7/0318_7.png,7
7/0319_7.png,7
7/0320_7.png,7
7/0321_7.png,7
7/0322_7.png,7
7/0323_7.png,7
7/0324_7.png,7
7/0325_7.png,7
7/0326_7.png,7
7/0327_7.png,7
7/0328_7.png,7
7/0329_7.png,7
7/0330_7.png,7
7/0331_7.png,7
7/0332_7.png,7
7/0333_7.png,7
7/0334_7.png,7
7/0335_7.png,7
7/0336_7.png,7
7/0337_7.png,7
7/0338_7.png,7
7/0339_7.png,7
7/0340_7.png,7
7/0341_7.png,7
7/0342_7.png,7
7/0343_7.png,7
7/0344_7.png,7
7/0345_7.png,7
7/0346_7.png,7
7/0347_7.png,7
7/0348_7.png,7
7/0349_7.png,7
7/0350_7.png,7
7/0351_7.png,7
7/0352_7.png,7
7/0353_7.png,7
7/0354_7.png,7
7/0355_7.png,7
7/0356_7.png,7
7/0357_7.png,7
7/0358_7.png,7
7/0359_7.png,7
7/0360_7.png,7
7/0361_7.png,7
7/0362_7.png,7
7/0363_7.png,7
7/0364_7.png,7
7/0365_7.png,7
7/0366_7.png,7
7/0367_7.png,7
7/0368_7.png,7
7/0369_7.png,7
7/0370_7.png,7
7/0371_7.png,7
7/0372_7.png,7
7/0373_7.png,7
7/0374_7.png,7
7/0375_7.png,7
7/0376_7.png,7
7/0377_7.png,7
7/0378_7.png,7
7/0379_7.png,7
7/0380_7.png,7
7/0381_7.png,7
7/0382_7.png,7
7/0383_7.png,7
7/0384_7.png,7
7/0385_7.png,7
7/0386_7.png,7
7/0387_7.png,7
7/0388_7.png,7
7/0389_7.png,7
7/0390_7.png,7
7/0391_7.png,7
7/0392_7.png,7
7/0393_7.png,7
7/0394_7.png,7
7/0395_7.png,7
7/0396_7.png,7
7/0397_7.png,7
7/0398_7.png,7
7/0399_7.png,7
7/0400_7.png,7
7/0401_7.png,7
7/0402_7.png,7
7/0403_7.png,7
7/0404_7.png,7
7/0405_7.png,7
7/0406_7.png,7
7/0407_7.png,7
7/0408_7.png,7
7/0409_7.png,7
7/0410_7.png,7
7/0411_7.png,7
7/0412_7.png,7
7/0413_7.png,7
7/0414_7.png,7
7/0415_7.png,7
7/0416_7.png,7
7/0417_7.png,7
7/0418_7.png,7
7/0419_7.png,7
7/0420_7.png,7
7/0421_7.png,7
7/0422_7.png,7
7/0423_7.png,7
7/0424_7.png,7
7/0425_7.png,7
7/0426_7.png,7
7/0427_7.png,7
7/0428_7.png,7
7/0429_7.png,7
7/0430_7.png,7
7/0431_7.png,7
7/0432_7.png,7
7/0433_7.png,7
7/0434_7.png,7
7/0435_7.png,7
7/0436_7.png,7
7/0437_7.png,7
7/0438_7.png,7
7/0439_7.png,7
7/0440_7.png,7
7/0441_7.png,7
7/0442_7.png,7
7/0443_7.png,7
7/0444_7.png,7
7/0445_7.png,7
7/0446_7.png,7
7/0447_7.png,7
7/0448_7.png,7
7/0449_7.png,7
7/0450_7.png,7
7/0451_7.png,7
7/0452_7.png,7
7/0453_7.png,7
7/0454_7.png,7
7/0455_7.png,7
7/0456_7.png,7
7/0457_7.png,7
7/0458_7.png,7
7/0459_7.png,7
7/0460_7.png,7
7/0461_7.png,7
7/0462_7.png,7
7/0463_7.png,7
7/0464_7.png,7
7/0465_7.png,7
7/0466_7.png,7
7/0467_7.png,7
7/0468_7.png,7
7/0469_7.png,7
7/0470_7.png,7
7/0471_7.png,7
7/0472_7.png,7
7/0473_7.png,7
7/0474_7.png,7
7/0475_7.png,7
7/0476_7.png,7
7/0477_7.png,7
7/0478_7.png,7
7/0479_7.png,7
7/0480_7.png,7
7/0481_7.png,7
7/0482_7.png,7
7/0483_7.png,7
7/0484_7.png,7
7/0485_7.png,7
7/0486_7.png,7
7/0487_7.png,7
7/0488_7.png,7
7/0489_7.png,7
7/0490_7.png,7
7/0491_7.png,7
7/0492_7.png,7
7/0493_7.png,7
7/0494_7.png,7
7/0495_7.png,7
7/0496_7.png,7
7/0497_7.png,7
7/0498_7.png,7
7/0499_7.png,7
8/0000_8.png,8
8/0001_8.png,8
8/0002_8.png,8
8/0003_8.png,8
8/0004_8.png,8
8/0005_8.png,8
8/0006_8.png,8
8/0007_8.png,8
8/0008_8.png,8
8/0009_8.png,8
8/0010_8.png,8
8/0011_8.png,8
8/0012_8.png,8
8/0013_8.png,8
8/0014_8.png,8
8/0015_8.png,8
8/0016_8.png,8
8/0017_8.png,8
8/0018_8.png,8
8/0019_8.png,8
8/0020_8.png,8
8/0021_8.png,8
8/0022_8.png,8
8/0023_8.png,8
8/0024_8.png,8
8/0025_8.png,8
8/0026_8.png,8
8/0027_8.png,8
8/0028_8.png,8
8/0029_8.png,8
8/0030_8.png,8
8/0031_8.png,8
8/0032_8.png,8
8/0033_8.png,8
8/0034_8.png,8
8/0035_8.png,8
8/0036_8.png,8
8/0037_8.png,8
8/0038_8.png,8
8/0039_8.png,8
8/0040_8.png,8
8/0041_8.png,8
8/0042_8.png,8
8/0043_8.png,8
8/0044_8.png,8
8/0045_8.png,8
8/0046_8.png,8
8/0047_8.png,8
8/0048_8.png,8
8/0049_8.png,8
8/0050_8.png,8
8/0051_8.png,8
8/0052_8.png,8
8/0053_8.png,8
8/0054_8.png,8
8/0055_8.png,8
8/0056_8.png,8
8/0057_8.png,8
8/0058_8.png,8
8/0059_8.png,8
8/0060_8.png,8
8/0061_8.png,8
8/0062_8.png,8
8/0063_8.png,8
8/0064_8.png,8
8/0065_8.png,8
8/0066_8.png,8
8/0067_8.png,8
8/0068_8.png,8
8/0069_8.png,8
8/0070_8.png,8
8/0071_8.png,8
8/0072_8.png,8
8/0073_8.png,8
8/0074_8.png,8
8/0075_8.png,8
8/0076_8.png,8
8/0077_8.png,8
8/0078_8.png,8
8/0079_8.png,8
8/0080_8.png,8
8/0081_8.png,8
8/0082_8.png,8
8/0083_8.png,8
8/0084_8.png,8
8/0085_8.png,8
8/0086_8.png,8
8/0087_8.png,8
8/0088_8.png,8
8/0089_8.png,8
8/0090_8.png,8
8/0091_8.png,8
8/0092_8.png,8
8/0093_8.png,8
8/0094_8.png,8
8/0095_8.png,8
8/0096_8.png,8
8/0097_8.png,8
8/0098_8.png,8
8/0099_8.png,8
8/0100_8.png,8
8/0101_8.png,8
8/0102_8.png,8
8/0103_8.png,8
8/0104_8.png,8
8/0105_8.png,8
8/0106_8.png,8
8/0107_8.png,8
8/0108_8.png,8
8/0109_8.png,8
8/0110_8.png,8
8/0111_8.png,8
8/0112_8.png,8
8/0113_8.png,8
8/0114_8.png,8
8/0115_8.png,8
8/0116_8.png,8
8/0117_8.png,8
8/0118_8.png,8
8/0119_8.png,8
8/0120_8.png,8
8/0121_8.png,8
8/0122_8.png,8
8/0123_8.png,8
8/0124_8.png,8
8/0125_8.png,8
8/0126_8.png,8
8/0127_8.png,8
8/0128_8.png,8
8/0129_8.png,8
8/0130_8.png,8
8/0131_8.png,8
8/0132_8.png,8
8/0133_8.png,8
8/0134_8.png,8
8/0135_8.png,8
8/0136_8.png,8
8/0137_8.png,8
8/0138_8.png,8
8/0139_8.png,8
8/0140_8.png,8
8/0141_8.png,8
8/0142_8.png,8
8/0143_8.png,8
8/0144_8.png,8
8/0145_8.png,8
8/0146_8.png,8
8/0147_8.png,8
8/0148_8.png,8
8/0149_8.png,8
8/0150_8.png,8
8/0151_8.png,8
8/0152_8.png,8
8/0153_8.png,8
8/0154_8.png,8
8/0155_8.png,8
8/0156_8.png,8
8/0157_8.png,8
8/0158_8.png,8
8/0159_8.png,8
8/0160_8.png,8
8/0161_8.png,8
8/0162_8.png,8
8/0163_8.png,8
8/0164_8.png,8
8/0165_8.png,8
8/0166_8.png,8
8/0167_8.png,8
8/0168_8.png,8
8/0169_8.png,8
8/0170_8.png,8
8/0171_8.png,8
8/0172_8.png,8
8/0173_8.png,8
8/0174_8.png,8
8/0175_8.png,8
8/0176_8.png,8
8/0177_8.png,8
8/0178_8.png,8
8/0179_8.png,8
8/0180_8.png,8
8/0181_8.png,8
8/0182_8.png,8
8/0183_8.png,8
8/0184_8.png,8
8/0185_8.png,8
8/0186_8.png,8
8/0187_8.png,8
8/0188_8.png,8
8/0189_8.png,8
8/0190_8.png,8
8/0191_8.png,8
8/0192_8.png,8
8/0193_8.png,8
8/0194_8.png,8
8/0195_8.png,8
8/0196_8.png,8
8/0197_8.png,8
8/0198_8.png,8
8/0199_8.png,8
8/0200_8.png,8
8/0201_8.png,8
8/0202_8.png,8
8/0203_8.png,8
8/0204_8.png,8
8/0205_8.png,8
8/0206_8.png,8
8/0207_8.png,8
8/0208_8.png,8
8/0209_8.png,8
8/0210_8.png,8
8/0211_8.png,8
8/0212_8.png,8
8/0213_8.png,8
8/0214_8.png,8
8/0215_8.png,8
8/0216_8.png,8
8/0217_8.png,8
8/0218_8.png,8
8/0219_8.png,8
8/0220_8.png,8
8/0221_8.png,8
8/0222_8.png,8
8/0223_8.png,8
8/0224_8.png,8
8/0225_8.png,8
8/0226_8.png,8
8/0227_8.png,8
8/0228_8.png,8
8/0229_8.png,8
8/0230_8.png,8
8/0231_8.png,8
8/0232_8.png,8
8/0233_8.png,8
8/0234_8.png,8
8/0235_8.png,8
8/0236_8.png,8
8/0237_8.png,8
8/0238_8.png,8
8/0239_8.png,8
8/0240_8.png,8
8/0241_8.png,8
8/0242_8.png,8
8/0243_8.png,8
8/0244_8.png,8
8/0245_8.png,8
8/0246_8.png,8
8/0247_8.png,8
8/0248_8.png,8
8/0249_8.png,8
8/0250_8.png,8
8/0251_8.png,8
8/0252_8.png,8
8/0253_8.png,8
8/0254_8.png,8
8/0255_8.png,8
8/0256_8.png,8
8/0257_8.png,8
8/0258_8.png,8
8/0259_8.png,8
8/0260_8.png,8
8/0261_8.png,8
8/0262_8.png,8
8/0263_8.png,8
8/0264_8.png,8
8/0265_8.png,8
8/0266_8.png,8
8/0267_8.png,8
8/0268_8.png,8
8/0269_8.png,8
8/0270_8.png,8
8/0271_8.png,8
8/0272_8.png,8
8/0273_8.png,8
8/0274_8.png,8
8/0275_8.png,8
8/0276_8.png,8
8/0277_8.png,8
8/0278_8.png,8
8/0279_8.png,8
8/0280_8.png,8
8/0281_8.png,8
8/0282_8.png,8
8/0283_8.png,8
8/0284_8.png,8
8/0285_8.png,8
8/0286_8.png,8
8/0287_8.png,8
8/0288_8.png,8
8/0289_8.png,8
8/0290_8.png,8
8/0291_8.png,8
8/0292_8.png,8
8/0293_8.png,8
8/0294_8.png,8
8/0295_8.png,8
8/0296_8.png,8
8/0297_8.png,8
8/0298_8.png,8
8/0299_8.png,8
8/0300_8.png,8
8/0301_8.png,8
8/0302_8.png,8
8/0303_8.png,8
8/0304_8.png,8
8/0305_8.png,8
8/0306_8.png,8
8/0307_8.png,8
8/0308_8.png,8
8/0309_8.png,8
8/0310_8.png,8
8/0311_8.png,8
8/0312_8.png,8
8/0313_8.png,8
8/0314_8.png,8
8/0315_8.png,8
8/0316_8.png,8
8/0317_8.png,8
8/0318_8.png,8
8/0319_8.png,8
8/0320_8.png,8
8/0321_8.png,8
8/0322_8.png,8
8/0323_8.png,8
8/0324_8.png,8
8/0325_8.png,8
8/0326_8.png,8
8/0327_8.png,8
8/0328_8.png,8
8/0329_8.png,8
8/0330_8.png,8
8/0331_8.png,8
8/0332_8.png,8
8/0333_8.png,8
8/0334_8.png,8
8/0335_8.png,8
8/0336_8.png,8
8/0337_8.png,8
8/0338_8.png,8
8/0339_8.png,8
8/0340_8.png,8
8/0341_8.png,8
8/0342_8.png,8
8/0343_8.png,8
8/0344_8.png,8
8/0345_8.png,8
8/0346_8.png,8
8/0347_8.png,8
8/0348_8.png,8
8/0349_8.png,8
8/0350_8.png,8
8/0351_8.png,8
8/0352_8.png,8
8/0353_8.png,8
8/0354_8.png,8
8/0355_8.png,8
8/0356_8.png,8
8/0357_8.png,8
8/0358_8.png,8
8/0359_8.png,8
8/0360_8.png,8
8/0361_8.png,8
8/0362_8.png,8
8/0363_8.png,8
8/0364_8.png,8
8/0365_8.png,8
8/0366_8.png,8
8/0367_8.png,8
8/0368_8.png,8
8/0369_8.png,8
8/0370_8.png,8
8/0371_8.png,8
8/0372_8.png,8
8/0373_8.png,8
8/0374_8.png,8
8/0375_8.png,8
8/0376_8.png,8
8/0377_8.png,8
8/0378_8.png,8
8/0379_8.png,8
8/0380_8.png,8
8/0381_8.png,8
8/0382_8.png,8
8/0383_8.png,8
8/0384_8.png,8
8/0385_8.png,8
8/0386_8.png,8
8/0387_8.png,8
8/0388_8.png,8
8/0389_8.png,8
8/0390_8.png,8
8/0391_8.png,8
8/0392_8.png,8
8/0393_8.png,8
8/0394_8.png,8
8/0395_8.png,8
8/0396_8.png,8
8/0397_8.png,8
8/0398_8.png,8
8/0399_8.png,8
8/0400_8.png,8
8/0401_8.png,8
8/0402_8.png,8
8/0403_8.png,8
8/0404_8.png,8
8/0405_8.png,8
8/0406_8.png,8
8/0407_8.png,8
8/0408_8.png,8
8/0409_8.png,8
8/0410_8.png,8
8/0411_8.png,8
8/0412_8.png,8
8/0413_8.png,8
8/0414_8.png,8
8/0415_8.png,8
8/0416_8.png,8
8/0417_8.png,8
8/0418_8.png,8
8/0419_8.png,8
8/0420_8.png,8
8/0421_8.png,8
8/0422_8.png,8
8/0423_8.png,8
8/0424_8.png,8
8/0425_8.png,8
8/0426_8.png,8
8/0427_8.png,8
8/0428_8.png,8
8/0429_8.png,8
8/0430_8.png,8
8/0431_8.png,8
8/0432_8.png,8
8/0433_8.png,8
8/0434_8.png,8
8/0435_8.png,8
8/0436_8.png,8
8/0437_8.png,8
8/0438_8.png,8
8/0439_8.png,8
8/0440_8.png,8
8/0441_8.png,8
8/0442_8.png,8
8/0443_8.png,8
8/0444_8.png,8
8/0445_8.png,8
8/0446_8.png,8
8/0447_8.png,8
8/0448_8.png,8
8/0449_8.png,8
8/0450_8.png,8
8/0451_8.png,8
8/0452_8.png,8
8/0453_8.png,8
8/0454_8.png,8
8/0455_8.png,8
8/0456_8.png,8
8/0457_8.png,8
8/0458_8.png,8
8/0459_8.png,8
8/0460_8.png,8
8/0461_8.png,8
8/0462_8.png,8
8/0463_8.png,8
8/0464_8.png,8
8/0465_8.png,8
8/0466_8.png,8
8/0467_8.png,8
8/0468_8.png,8
8/0469_8.png,8
8/0470_8.png,8
8/0471_8.png,8
8/0472_8.png,8
8/0473_8.png,8
8/0474_8.png,8
8/0475_8.png,8
8/0476_8.png,8
8/0477_8.png,8
8/0478_8.png,8
8/0479_8.png,8
8/0480_8.png,8
8/0481_8.png,8
8/0482_8.png,8
8/0483_8.png,8
8/0484_8.png,8
8/0485_8.png,8
8/0486_8.png,8
8/0487_8.png,8
8/0488_8.png,8
8/0489_8.png,8
8/0490_8.png,8
8/0491_8.png,8
8/0492_8.png,8
8/0493_8.png,8
8/0494_8.png,8
8/0495_8.png,8
8/0496_8.png,8
8/0497_8.png,8
8/0498_8.png,8
8/0499_8.png,8
9/0000_9.png,9
9/0001_9.png,9
9/0002_9.png,9
9/0003_9.png,9
9/0004_9.png,9
9/0005_9.png,9
9/0006_9.png,9
9/0007_9.png,9
9/0008_9.png,9
9/0009_9.png,9
9/0010_9.png,9
9/0011_9.png,9
9/0012_9.png,9
9/0013_9.png,9
9/0014_9.png,9
9/0015_9.png,9
9/0016_9.png,9
9/0017_9.png,9
9/0018_9.png,9
9/0019_9.png,9
9/0020_9.png,9
9/0021_9.png,9
9/0022_9.png,9
9/0023_9.png,9
9/0024_9.png,9
9/0025_9.png,9
9/0026_9.png,9
9/0027_9.png,9
9/0028_9.png,9
9/0029_9.png,9
9/0030_9.png,9
9/0031_9.png,9
9/0032_9.png,9
9/0033_9.png,9
9/0034_9.png,9
9/0035_9.png,9
9/0036_9.png,9
9/0037_9.png,9
9/0038_9.png,9
9/0039_9.png,9
9/0040_9.png,9
9/0041_9.png,9
9/0042_9.png,9
9/0043_9.png,9
9/0044_9.png,9
9/0045_9.png,9
9/0046_9.png,9
9/0047_9.png,9
9/0048_9.png,9
9/0049_9.png,9
9/0050_9.png,9
9/0051_9.png,9
9/0052_9.png,9
9/0053_9.png,9
9/0054_9.png,9
9/0055_9.png,9
9/0056_9.png,9
9/0057_9.png,9
9/0058_9.png,9
9/0059_9.png,9
9/0060_9.png,9
9/0061_9.png,9
9/0062_9.png,9
9/0063_9.png,9
9/0064_9.png,9
9/0065_9.png,9
9/0066_9.png,9
9/0067_9.png,9
9/0068_9.png,9
9/0069_9.png,9
9/0070_9.png,9
9/0071_9.png,9
9/0072_9.png,9
9/0073_9.png,9
9/0074_9.png,9
9/0075_9.png,9
9/0076_9.png,9
9/0077_9.png,9
9/0078_9.png,9
9/0079_9.png,9
9/0080_9.png,9
9/0081_9.png,9
9/0082_9.png,9
9/0083_9.png,9
9/0084_9.png,9
9/0085_9.png,9
9/0086_9.png,9
9/0087_9.png,9
9/0088_9.png,9
9/0089_9.png,9
9/0090_9.png,9
9/0091_9.png,9
9/0092_9.png,9
9/0093_9.png,9
9/0094_9.png,9
9/0095_9.png,9
9/0096_9.png,9
9/0097_9.png,9
9/0098_9.png,9
9/0099_9.png,9
9/0100_9.png,9
9/0101_9.png,9
9/0102_9.png,9
9/0103_9.png,9
9/0104_9.png,9
9/0105_9.png,9
9/0106_9.png,9
9/0107_9.png,9
9/0108_9.png,9
9/0109_9.png,9
9/0110_9.png,9
9/0111_9.png,9
9/0112_9.png,9
9/0113_9.png,9
9/0114_9.png,9
9/0115_9.png,9
9/0116_9.png,9
9/0117_9.png,9
9/0118_9.png,9
9/0119_9.png,9
9/0120_9.png,9
9/0121_9.png,9
9/0122_9.png,9
9/0123_9.png,9
9/0124_9.png,9
9/0125_9.png,9
9/0126_9.png,9
9/0127_9.png,9
9/0128_9.png,9
9/0129_9.png,9
9/0130_9.png,9
9/0131_9.png,9
9/0132_9.png,9
9/0133_9.png,9
9/0134_9.png,9
9/0135_9.png,9
9/0136_9.png,9
9/0137_9.png,9
9/0138_9.png,9
9/0139_9.png,9
9/0140_9.png,9
9/0141_9.png,9
9/0142_9.png,9
9/0143_9.png,9
9/0144_9.png,9
9/0145_9.png,9
9/0146_9.png,9
9/0147_9.png,9
9/0148_9.png,9
9/0149_9.png,9
9/0150_9.png,9
9/0151_9.png,9
9/0152_9.png,9
9/0153_9.png,9
9/0154_9.png,9
9/0155_9.png,9
9/0156_9.png,9
9/0157_9.png,9
9/0158_9.png,9
9/0159_9.png,9
9/0160_9.png,9
9/0161_9.png,9
9/0162_9.png,9
9/0163_9.png,9
9/0164_9.png,9
9/0165_9.png,9
9/0166_9.png,9
9/0167_9.png,9
9/0168_9.png,9
9/0169_9.png,9
9/0170_9.png,9
9/0171_9.png,9
9/0172_9.png,9
9/0173_9.png,9
9/0174_9.png,9
9/0175_9.png,9
9/0176_9.png,9
9/0177_9.png,9
9/0178_9.png,9
9/0179_9.png,9
9/0180_9.png,9
9/0181_9.png,9
9/0182_9.png,9
9/0183_9.png,9
9/0184_9.png,9
9/0185_9.png,9
9/0186_9.png,9
9/0187_9.png,9
9/0188_9.png,9
9/0189_9.png,9
9/0190_9.png,9
9/0191_9.png,9
9/0192_9.png,9
9/0193_9.png,9
9/0194_9.png,9
9/0195_9.png,9
9/0196_9.png,9
9/0197_9.png,9
9/0198_9.png,9
9/0199_9.png,9
9/0200_9.png,9
9/0201_9.png,9
9/0202_9.png,9
9/0203_9.png,9
9/0204_9.png,9
9/0205_9.png,9
9/0206_9.png,9
9/0207_9.png,9
9/0208_9.png,9
9/0209_9.png,9
9/0210_9.png,9
9/0211_9.png,9
9/0212_9.png,9
9/0213_9.png,9
9/0214_9.png,9
9/0215_9.png,9
9/0216_9.png,9
9/0217_9.png,9
9/0218_9.png,9
9/0219_9.png,9
9/0220_9.png,9
9/0221_9.png,9
9/0222_9.png,9
9/0223_9.png,9
9/0224_9.png,9
9/0225_9.png,9
9/0226_9.png,9
9/0227_9.png,9
9/0228_9.png,9
9/0229_9.png,9
9/0230_9.png,9
9/0231_9.png,9
9/0232_9.png,9
9/0233_9.png,9
9/0234_9.png,9
9/0235_9.png,9
9/0236_9.png,9
9/0237_9.png,9
9/0238_9.png,9
9/0239_9.png,9
9/0240_9.png,9
9/0241_9.png,9
9/0242_9.png,9
9/0243_9.png,9
9/0244_9.png,9
9/0245_9.png,9
9/0246_9.png,9
9/0247_9.png,9
9/0248_9.png,9
9/0249_9.png,9
9/0250_9.png,9
9/0251_9.png,9
9/0252_9.png,9
9/0253_9.png,9
9/0254_9.png,9
9/0255_9.png,9
9/0256_9.png,9
9/0257_9.png,9
9/0258_9.png,9
9/0259_9.png,9
9/0260_9.png,9
9/0261_9.png,9
9/0262_9.png,9
9/0263_9.png,9
9/0264_9.png,9
9/0265_9.png,9
9/0266_9.png,9
9/0267_9.png,9
9/0268_9.png,9
9/0269_9.png,9
9/0270_9.png,9
9/0271_9.png,9
9/0272_9.png,9
9/0273_9.png,9
9/0274_9.png,9
9/0275_9.png,9
9/0276_9.png,9
9/0277_9.png,9
9/0278_9.png,9
9/0279_9.png,9
9/0280_9.png,9
9/0281_9.png,9
9/0282_9.png,9
9/0283_9.png,9
9/0284_9.png,9
9/0285_9.png,9
9/0286_9.png,9
9/0287_9.png,9
9/0288_9.png,9
9/0289_9.png,9
9/0290_9.png,9
9/0291_9.png,9
9/0292_9.png,9
9/0293_9.png,9
9/0294_9.png,9
9/0295_9.png,9
9/0296_9.png,9
9/0297_9.png,9
9/0298_9.png,9
9/0299_9.png,9
9/0300_9.png,9
9/0301_9.png,9
9/0302_9.png,9
9/0303_9.png,9
9/0304_9.png,9
9/0305_9.png,9
9/0306_9.png,9
9/0307_9.png,9
9/0308_9.png,9
9/0309_9.png,9
9/0310_9.png,9
9/0311_9.png,9
9/0312_9.png,9
9/0313_9.png,9
9/0314_9.png,9
9/0315_9.png,9
9/0316_9.png,9
9/0317_9.png,9
9/0318_9.png,9
9/0319_9.png,9
9/0320_9.png,9
9/0321_9.png,9
9/0322_9.png,9
9/0323_9.png,9
9/0324_9.png,9
9/0325_9.png,9
9/0326_9.png,9
9/0327_9.png,9
9/0328_9.png,9
9/0329_9.png,9
9/0330_9.png,9
9/0331_9.png,9
9/0332_9.png,9
9/0333_9.png,9
9/0334_9.png,9
9/0335_9.png,9
9/0336_9.png,9
9/0337_9.png,9
9/0338_9.png,9
9/0339_9.png,9
9/0340_9.png,9
9/0341_9.png,9
9/0342_9.png,9
9/0343_9.png,9
9/0344_9.png,9
9/0345_9.png,9
9/0346_9.png,9
9/0347_9.png,9
9/0348_9.png,9
9/0349_9.png,9
9/0350_9.png,9
9/0351_9.png,9
9/0352_9.png,9
9/0353_9.png,9
9/0354_9.png,9
9/0355_9.png,9
9/0356_9.png,9
9/0357_9.png,9
9/0358_9.png,9
9/0359_9.png,9
9/0360_9.png,9
9/0361_9.png,9
9/0362_9.png,9
9/0363_9.png,9
9/0364_9.png,9
9/0365_9.png,9
9/0366_9.png,9
9/0367_9.png,9
9/0368_9.png,9
9/0369_9.png,9
9/0370_9.png,9
9/0371_9.png,9
9/0372_9.png,9
9/0373_9.png,9
9/0374_9.png,9
9/0375_9.png,9
9/0376_9.png,9
9/0377_9.png,9
9/0378_9.png,9
9/0379_9.png,9
9/0380_9.png,9
9/0381_9.png,9
9/0382_9.png,9
9/0383_9.png,9
9/0384_9.png,9
9/0385_9.png,9
9/0386_9.png,9
9/0387_9.png,9
9/0388_9.png,9
9/0389_9.png,9
9/0390_9.png,9
9/0391_9.png,9
9/0392_9.png,9
9/0393_9.png,9
9/0394_9.png,9
9/0395_9.png,9
9/0396_9.png,9
9/0397_9.png,9
9/0398_9.png,9
9/0399_9.png,9
9/0400_9.png,9
9/0401_9.png,9
9/0402_9.png,9
9/0403_9.png,9
9/0404_9.png,9
9/0405_9.png,9
9/0406_9.png,9
9/0407_9.png,9
9/0408_9.png,9
9/0409_9.png,9
9/0410_9.png,9
9/0411_9.png,9
9/0412_9.png,9
9/0413_9.png,9
9/0414_9.png,9
9/0415_9.png,9
9/0416_9.png,9
9/0417_9.png,9
9/0418_9.png,9
9/0419_9.png,9
9/0420_9.png,9
9/0421_9.png,9
9/0422_9.png,9
9/0423_9.png,9
9/0424_9.png,9
9/0425_9.png,9
9/0426_9.png,9
9/0427_9.png,9
9/0428_9.png,9
9/0429_9.png,9
9/0430_9.png,9
9/0431_9.png,9
9/0432_9.png,9
9/0433_9.png,9
9/0434_9.png,9
9/0435_9.png,9
9/0436_9.png,9
9/0437_9.png,9
9/0438_9.png,9
9/0439_9.png,9
9/0440_9.png,9
9/0441_9.png,9
9/0442_9.png,9
9/0443_9.png,9
9/0444_9.png,9
9/0445_9.png,9
9/0446_9.png,9
9/0447_9.png,9
9/0448_9.png,9
9/0449_9.png,9
9/0450_9.png,9
9/0451_9.png,9
9/0452_9.png,9
9/0453_9.png,9
9/0454_9.png,9
9/0455_9.png,9
9/0456_9.png,9
9/0457_9.png,9
9/0458_9.png,9
9/0459_9.png,9
9/0460_9.png,9
9/0461_9.png,9
9/0462_9.png,9
9/0463_9.png,9
9/0464_9.png,9
9/0465_9.png,9
9/0466_9.png,9
9/0467_9.png,9
9/0468_9.png,9
9/0469_9.png,9
9/0470_9.png,9
9/0471_9.png,9
9/0472_9.png,9
9/0473_9.png,9
9/0474_9.png,9
9/0475_9.png,9
9/0476_9.png,9
9/0477_9.png,9
9/0478_9.png,9
9/0479_9.png,9
9/0480_9.png,9
9/0481_9.png,9
9/0482_9.png,9
9/0483_9.png,9
9/0484_9.png,9
9/0485_9.png,9
9/0486_9.png,9
9/0487_9.png,9
9/0488_9.png,9
9/0489_9.png,9
9/0490_9.png,9
9/0491_9.png,9
9/0492_9.png,9
9/0493_9.png,9
9/0494_9.png,9
9/0495_9.png,9
9/0496_9.png,9
9/0497_9.png,9
9/0498_9.png,9
9/0499_9.png,9
